Aalders, 39, 5730886, 17
Abagael, 30, 9347793, 15
Abbate, 51, 8560492, 14
Abdallah, 33, 4802362, 12
Abdo, 52, 5320059, 13
Abdullah, 27, 5580540, 11
Abell, 36, 7855736, 16
Abhijit, 34, 3902567, 14
Abra, 55, 7021530, 7
Absi, 42, 4774067, 15
Acharyya, 61, 7179802, 17
Ackwood, 35, 9533069, 17
Adah, 36, 6218456, 6
Adamowic, 63, 8376229, 8
Addetia, 29, 4544919, 19
Adebayo, 57, 3775198, 19
Adelina, 43, 7064370, 13
Adeney, 63, 6776091, 10
Adib, 28, 4041873, 7
Adlai, 58, 7306996, 6
Adolfie, 62, 8020925, 19
Adornato, 50, 6660336, 10
Adrian, 30, 4221729, 18
Adriene, 52, 6016124, 5
Aeriell, 26, 7900545, 19
Ag, 44, 6115434, 19
Agenia, 59, 8713750, 12
Agily, 62, 7917276, 13
Agnihotr, 40, 8993584, 8
Aguinsky, 52, 7192754, 9
Ahlers, 62, 6895060, 16
Aidan, 35, 6747739, 12
Ailbert, 42, 6098586, 14
Ailyn, 40, 9340795, 15
Ainslee, 55, 8360378, 7
Ajersch, 35, 4310097, 7
Akemi, 47, 5570492, 12
Akim, 64, 9997301, 10
Akrawi, 55, 8009441, 5
Alair, 49, 9428444, 19
Alano, 51, 5544729, 11
Alasteir, 30, 6338097, 16
Alber, 50, 7290675, 14
Alberto, 45, 8104567, 6
Albright, 52, 3672353, 11
Alden, 64, 4255306, 13
Aldric, 61, 3628624, 18
Aleda, 44, 7605732, 19
Alejoa, 56, 7130019, 5
Alena, 44, 5559708, 10
Alethea, 57, 9518149, 11
Alexandrina, 52, 7142618, 15
Alexis, 55, 7893451, 6
Alfons, 31, 5992379, 18
Alfy, 52, 9688228, 6
Alice, 61, 7565193, 15
Alikhan, 28, 4487764, 14
Alisande, 30, 6136987, 16
Aliza, 59, 6946491, 7
Allam, 57, 5909859, 6
Alles, 51, 6052551, 7
Allie, 27, 7753275, 7
Allman, 62, 4276121, 13
Almata, 54, 7436029, 12
Almon, 35, 3773793, 13
Alomari, 34, 7366143, 11
Alperovi, 50, 9039529, 16
Alsaleh, 54, 4364443, 18
Altay, 46, 9054538, 16
Altovice, 54, 5402904, 18
Alvean, 53, 5070688, 14
Alvis, 29, 4169917, 11
Alyosha, 64, 7787743, 5
Alzofon, 55, 3898490, 19
Amalie, 48, 9806725, 9
Amandy, 32, 5817505, 19
Amato, 34, 8869786, 14
Ambros, 49, 9108542, 19
Amda, 45, 4139507, 5
Amenta, 54, 7376348, 16
Amii, 43, 3927828, 19
Amiris, 32, 9595746, 13
Amma, 60, 8155422, 16
Amory, 27, 4467605, 6
Amrish, 45, 9673730, 18
Anabal, 34, 4829320, 16
Anallise, 57, 9048626, 17
Ananyo, 28, 4586708, 6
Anatole, 29, 6213258, 19
Anctil, 53, 5042062, 19
Anderson, 32, 5732036, 7
Andras, 52, 7819379, 15
Andreia, 55, 8490071, 8
Andri, 64, 5503881, 15
Andromac, 42, 5045894, 15
Aneeta, 41, 7857199, 16
Angel, 43, 7252996, 14
Angelie, 50, 8672813, 8
Angelle, 52, 6481095, 16
Anglin, 46, 5565084, 5
Anhtuan, 33, 7727684, 11
Anila, 29, 4555936, 12
Anjali, 56, 9419756, 9
Ankie, 56, 7306887, 7
Annabella, 36, 7832172, 14
Anna-Diane, 59, 4402336, 10
Annalyse, 41, 5067587, 11
Annazette, 29, 8697713, 17
Annekatrin, 36, 8001255, 19
Anne-Marie, 42, 9917721, 19
Annick, 36, 8339811, 10
Ann-marie, 52, 6511705, 8
Anouk, 58, 4029150, 14
Anshel, 48, 8363920, 9
Antanas, 51, 4667269, 16
Antin, 48, 4845630, 19
Antonare, 36, 7211972, 7
Antonietta, 34, 3847625, 5
Antony, 46, 8539299, 15
Anvradha, 64, 8183898, 13
Aphrodit, 64, 3656190, 14
Applebau, 52, 9888209, 11
April, 56, 5499336, 17
Arabadji, 42, 4695994, 9
Aram, 61, 8814769, 8
Arch, 40, 7068850, 15
Archibol, 60, 9548142, 19
Ardavan, 51, 3621993, 15
Ardie, 37, 3679567, 19
Ardys, 33, 6201961, 19
Aretha, 59, 6754259, 9
Ariadne, 33, 5413202, 16
Arie, 37, 3702021, 17
Arine, 50, 9789528, 9
Arkie, 63, 8749908, 8
Arleta, 38, 4248036, 8
Arlirau, 45, 9886248, 8
Armando, 51, 7932133, 13
Armin, 47, 6399754, 12
Arnad, 44, 9690368, 14
Arni, 58, 7838046, 8
Arnott, 40, 9066249, 15
Arpad, 54, 6403033, 8
Arsenaul, 43, 6110253, 12
Arther, 41, 7119125, 7
Arturo, 51, 6445975, 13
Arunacha, 29, 5903729, 6
Arya, 62, 5053414, 11
Asbjorn, 59, 7626304, 13
Ashar, 51, 8678050, 13
Ashia, 27, 9308902, 19
Ashlen, 53, 6658699, 18
Ashraf, 37, 9932002, 8
Asing, 50, 4744500, 16
Assaad, 46, 7908538, 9
Asta, 61, 8922535, 19
Astrid, 42, 7771692, 5
Atef, 29, 6920504, 19
Athwal, 60, 6390964, 10
Atmane, 45, 5695343, 15
Atta, 53, 8002900, 18
Attila, 28, 6016949, 14
Aubert, 46, 8517988, 17
Aucoin, 49, 8640743, 14
Audrean, 41, 9658390, 17
August, 58, 9753541, 14
Augy, 34, 9574232, 16
Auraham, 29, 6090360, 17
Auria, 44, 9466761, 11
Ausley, 35, 9703190, 5
Auyeung, 46, 9406367, 7
Averett, 44, 9330690, 6
Avie, 60, 5626057, 19
Avon, 43, 6928205, 13
Awadia, 61, 9347386, 15
Ayandeh, 29, 3602726, 14
Aylmar, 63, 8256552, 8
Ayre, 36, 9328946, 15
Aywie, 64, 5356970, 11
Azevedo, 50, 6199631, 18
Azzuolo, 60, 7618627, 7
Babara, 45, 5439214, 15
Babette, 43, 9120090, 17
Bacchioc, 44, 8709610, 9
Bachner, 32, 5352274, 10
Badmingt, 55, 9756620, 8
Bagg, 32, 7477888, 18
Baheya, 57, 9087770, 9
Bailey, 43, 8590417, 11
Bainton, 54, 4725849, 7
Bakoury, 29, 9473059, 7
Balbir, 47, 8034945, 8
Balerie, 48, 9228458, 13
Ballinge, 52, 4604289, 18
Balter, 45, 6170478, 17
Bamby, 57, 9534471, 14
Banerjee, 44, 5133459, 13
Bankhead, 63, 8258025, 8
Bao, 56, 8031233, 12
Barba, 54, 7403493, 8
Barbe, 42, 5510699, 12
Barbour, 42, 4675569, 18
Barde, 33, 4228794, 18
Baril, 27, 6196431, 12
Barnabas, 41, 6939390, 7
Barnhart, 60, 5805057, 5
Barraclo, 49, 9196157, 9
Barriere, 61, 8401947, 6
Barsky, 29, 6235021, 7
Bartholemy, 58, 3885054, 10
Bartolem, 55, 7435325, 6
Bartush, 45, 4053516, 12
Bascombe, 35, 8946139, 16
Basinger, 54, 4382338, 15
Bassem, 59, 8839021, 5
Basu, 56, 7784812, 14
Bathrick, 35, 3892685, 16
Baudais, 32, 4524176, 8
Bautista, 37, 8199759, 17
Bayerkoh, 30, 4193499, 11
Bazarjan, 28, 5863950, 16
Beadley, 33, 9767818, 10
Beardmor, 29, 7540049, 19
Beatrice, 53, 4241805, 19
Beauchai, 27, 7277375, 10
Beaulieu, 26, 9333589, 18
Beb, 41, 9944918, 5
Becka, 42, 4244822, 12
Becky, 64, 9124030, 8
Bedoya, 61, 6330126, 18
Beeman, 50, 9550253, 13
Begley, 35, 7327814, 8
Behroozi, 34, 7138377, 17
Beitinja, 43, 6127088, 14
Belaire, 64, 9806732, 14
Belicia, 61, 5800346, 10
Bellamy, 42, 8545691, 18
Bellis, 58, 7922573, 13
Belvia, 26, 5249291, 10
Benay, 44, 6077217, 11
Beneda, 28, 7775055, 15
Benedikta, 46, 7778130, 14
Beniamin, 28, 5972661, 8
Benji, 50, 7704789, 8
Bennett, 62, 7356851, 10
Benski, 36, 3767868, 13
Benyamin, 41, 4039006, 5
Beppo, 37, 8462949, 10
Berenz, 57, 8080226, 18
Bergland, 35, 7490596, 11
Berke, 42, 7287560, 16
Berna, 64, 9167770, 8
Bernardina, 47, 7066342, 7
Berneta, 33, 7272379, 11
Berning, 61, 4594984, 12
Berry, 31, 8544234, 15
Berti, 62, 8570072, 18
Bertram, 51, 8101063, 7
Besime, 53, 7782030, 18
Besson, 58, 9086059, 17
Bethena, 50, 5426924, 17
Bette, 53, 5671232, 9
Bettine, 39, 4230443, 13
Bevan, 32, 4075640, 18
Bevon, 39, 4250262, 17
Bhandari, 59, 4561041, 18
Bhatti, 60, 7208324, 12
Biagio, 38, 7254154, 5
Bibby, 62, 5537457, 5
Biddy, 56, 7191171, 16
Bielecki, 26, 7725218, 16
Big, 42, 4914653, 13
Bijjani, 46, 5853959, 8
Billi, 31, 6515797, 5
Bilton, 59, 7521308, 14
Bingham, 39, 9710991, 11
Binningt, 59, 6852715, 17
Bird, 58, 5218189, 19
Birkwood, 34, 6754010, 6
Bishya, 48, 8973109, 14
Bitar, 29, 9933378, 19
Bjorne, 62, 6355081, 9
Blacksha, 29, 3805989, 11
Blaise, 30, 5185147, 18
Blancasi, 60, 8332231, 7
Blane, 28, 3791281, 5
Blatherw, 44, 6390179, 10
Bleb, 27, 4815350, 11
Bliff, 53, 9967857, 19
Blodgett, 49, 9746081, 8
Blossom, 58, 6152433, 7
Bluschke, 43, 4497487, 10
Bnrsport, 54, 9768825, 9
Bobak, 42, 9796892, 11
Bobbye, 41, 4490032, 14
Bockaj, 26, 7298506, 15
Bodo, 30, 9299708, 5
Bogal, 36, 7701962, 12
Bogumill, 47, 9075776, 9
Boigie, 31, 8391309, 17
Bojeck, 35, 6323382, 11
Bolgos, 32, 9913563, 15
Bomba, 38, 7109211, 15
Bondon, 33, 6564285, 15
Bonnar, 41, 4794583, 14
Bonnibelle, 54, 5154116, 15
Boone, 59, 4437525, 8
Boote, 27, 5897525, 5
Boraie, 40, 7101360, 13
Borel, 58, 5370337, 18
Borman, 62, 8426621, 5
Borsa, 57, 3970888, 10
Borzic, 40, 4074570, 17
Bosnyak, 43, 5460008, 7
Bosworth, 41, 9712350, 17
Bottoms, 47, 8763827, 11
Boulais, 52, 5722071, 11
Bourdeau, 35, 6860910, 8
Bourke, 47, 6428398, 8
Boutin, 45, 4392393, 17
Bowditch, 62, 6898976, 9
Bowling, 42, 6616931, 7
Boye, 41, 7360099, 17
Bozidar, 27, 5980952, 12
Bracy, 55, 5192735, 8
Bradford, 61, 5318184, 5
Bradyhou, 53, 3655805, 6
Brain, 57, 9388954, 18
Branchau, 49, 7419593, 18
Brandie, 35, 5572555, 12
Branford, 35, 9206445, 10
Branscom, 49, 4760997, 18
Brasunas, 27, 7866127, 17
Brazeau, 37, 6314693, 9
Bree, 48, 5987334, 11
Brel, 52, 4594985, 17
Brendis, 61, 3691761, 7
Breon, 36, 7031541, 6
Breuer, 56, 4111850, 7
Brianne, 46, 7750399, 17
Bride, 50, 4001173, 5
Bridgman, 32, 6439851, 14
Brigg, 46, 6688263, 6
Brina, 55, 7570037, 7
Brinna, 28, 8028828, 11
Brisson, 28, 7776987, 16
Britta, 45, 5578341, 5
Brittney, 47, 9387665, 6
Broadhea, 34, 6749517, 16
Brockmey, 43, 9241351, 7
Brodgen, 37, 8906506, 8
Brombal, 59, 7909364, 14
Bronson, 30, 9834154, 19
Brophy, 59, 5073679, 6
Brothert, 43, 5892538, 19
Brower, 39, 6916170, 16
Broyles, 42, 9862760, 19
Brull, 42, 4904465, 14
Bruner, 59, 7713886, 13
Brunstin, 26, 5826969, 15
Bryce, 32, 4132621, 18
Brys, 35, 8237289, 19
Buchan, 48, 5934673, 19
Buckman, 44, 4974548, 5
Buder, 64, 7504313, 13
Buffalo, 28, 6594949, 10
Buhr, 64, 6157793, 18
Bulan, 55, 9200960, 8
Bulkovsh, 63, 6923286, 11
Bulman, 27, 8585677, 15
Bunfi, 47, 9022181, 16
Bunty, 58, 5150323, 15
Burdette, 28, 6209954, 5
Burgi, 54, 8322042, 19
Burkhard, 27, 9623919, 19
Burnet, 27, 4093469, 13
Burrows, 45, 9274976, 18
Buscagli, 34, 4463133, 13
Buske, 32, 4761956, 6
Butler, 47, 6353666, 16
Buzz, 46, 9046912, 7
Byk, 52, 4780902, 13
Byrd, 36, 4265002, 19
Cabaniss, 43, 3849718, 11
Cacho, 55, 8492377, 12
Cadshare, 51, 3634573, 7
Caglayan, 33, 8876125, 13
Cairns, 56, 4312496, 8
Caldwell, 32, 4048153, 16
Calkins, 37, 5796980, 8
Calley, 45, 5385948, 15
Calow, 40, 6264029, 19
Cam, 30, 3752160, 7
Cameo, 54, 6017719, 5
Camille, 37, 5118902, 15
Campanel, 60, 4392726, 13
Cancela, 60, 6834140, 13
Candra, 36, 8600938, 12
Cantrell, 61, 5410431, 5
Capostag, 40, 6985905, 5
Caralie, 40, 8429391, 8
Cardew, 33, 5279421, 17
Caresa, 62, 8402671, 5
Caria, 41, 7609095, 9
Caris, 48, 4137088, 14
Carlberg, 50, 4010569, 17
Carlene, 31, 7155710, 13
Carline, 29, 4098433, 13
Carlsen, 51, 7367279, 19
Carma, 43, 5891499, 16
Carmelle, 37, 8257464, 17
Carmon, 33, 7112086, 15
Carolann, 55, 7119915, 11
Carol-jean, 26, 4895011, 19
Carpenti, 41, 7654387, 7
Carringt, 50, 4006773, 13
Carsta, 56, 6786742, 9
Caruso, 56, 7903124, 9
Casandra, 41, 5152063, 18
Casia, 28, 5381712, 9
Casperso, 46, 7305404, 8
Cassaundra, 35, 9792734, 9
Cassondra, 61, 8540435, 12
Castrono, 26, 3700669, 10
Cath, 49, 7574802, 12
Catherine, 41, 5398089, 5
Cathylee, 46, 3795960, 19
Cato, 39, 6002557, 19
Caudle, 30, 4218816, 17
Caves, 64, 9571522, 15
Cayouett, 46, 6246579, 11
Cecella, 38, 5473378, 17
Cecillia, 38, 8364045, 7
Celene, 42, 4004899, 11
Celie, 33, 5721386, 18
Celso, 55, 4166948, 14
Cepero, 43, 9068506, 12
Cesaratt, 58, 8265417, 19
Cezaro, 48, 8088820, 5
Chadd, 44, 5905994, 14
Chagnon, 34, 4008437, 13
Chakib, 58, 6486317, 7
Chamard, 34, 4619017, 19
Chana, 58, 7759156, 13
Chandana, 54, 4401745, 10
Chang, 46, 5001171, 10
Channen, 27, 6480559, 16
Chantel, 37, 5626652, 16
Chapleau, 57, 9658925, 13
Charasse, 52, 4413091, 14
Charikila, 26, 3903566, 8
Charla, 53, 6003050, 6
Charleton, 49, 6453333, 18
Charlotte, 44, 7278499, 15
Charmion, 31, 5095568, 15
Chas, 52, 3879342, 19
Chatri, 55, 8344263, 18
Chauhan, 37, 9369939, 12
Chavez, 52, 8791631, 8
Cheba, 37, 4311804, 16
Chef, 46, 7734683, 18
Chelsey, 62, 5990495, 10
Cheney, 57, 3868972, 6
Chennett, 43, 6134158, 15
Cheri, 54, 6790952, 5
Cherise, 41, 7393446, 19
Cherry, 49, 9075883, 8
Chesser, 45, 6855825, 7
Cheval, 63, 8882339, 9
Chiahoan, 57, 9760596, 5
Chiarina, 51, 4829294, 13
Chief, 26, 4380519, 10
Chih, 42, 4333292, 7
Chiiwen, 28, 9190279, 10
Childs, 45, 3910635, 5
Chinfui, 54, 8496107, 11
Chinho, 53, 4580570, 11
Chip, 44, 7844584, 16
Chitkara, 38, 7514800, 7
Chiyoko, 43, 6166496, 15
Chocs, 58, 4612763, 5
Cholewin, 61, 8989873, 16
Choosri, 51, 5984523, 6
Choti, 31, 4282751, 10
Chris, 39, 4646704, 15
Christ, 49, 5088302, 10
Christean, 59, 5319591, 7
Christiano, 48, 7168484, 6
Christoforo, 28, 3604919, 6
Christye, 63, 6220528, 17
Chrysler, 38, 8759819, 13
Chuanhsi, 39, 6041123, 13
Chuj, 35, 6287639, 8
Chungjen, 36, 6851988, 14
Chunmei, 48, 6784680, 18
Churchill, 44, 5793018, 12
Ciao, 44, 4754098, 10
Cicek, 43, 8576505, 9
Cigay, 51, 7716066, 18
Cindelyn, 53, 3971472, 18
Ciocca, 54, 6986966, 17
Ciro, 45, 4624547, 7
Cissiee, 38, 6981086, 17
Claiborn, 38, 8389877, 10
Clara, 47, 8041197, 7
Claretta, 34, 9162035, 16
Clarise, 27, 3848498, 19
Class, 42, 5313861, 6
Claudia, 32, 5570003, 5
Claveau, 52, 7964428, 17
Clea, 54, 8663633, 15
Clem, 57, 8680381, 14
Clements, 37, 9920897, 10
Cleon, 40, 7802408, 19
Clesson, 49, 6491313, 9
Clevey, 29, 7034316, 19
Clinkard, 52, 6868775, 10
Clo, 52, 4797930, 6
Clough, 62, 7306616, 9
Clusiau, 63, 7999752, 19
Coady, 36, 6581515, 5
Cobby, 38, 7644428, 11
Cocke, 26, 7229613, 16
Coder, 27, 4541062, 6
Cogdell, 50, 9230763, 15
Cointon, 30, 5283397, 16
Colbourn, 52, 7691982, 9
Colene, 27, 4243320, 6
Colinda, 29, 9797565, 19
Collette, 55, 5787134, 16
Colly, 54, 8299853, 12
Colston, 33, 7922686, 17
Combaz, 50, 8596534, 12
Committe, 38, 3818834, 9
Conant, 48, 7695815, 19
Concordi, 52, 8952324, 17
Coni, 47, 9099451, 11
Conners, 61, 5469343, 17
Conrade, 44, 6175861, 12
Constance, 58, 9705360, 18
Constantinos, 40, 4138620, 11
Contomic, 30, 4422924, 8
Coombs, 48, 5187708, 17
Copeman, 55, 6353870, 6
Corabell, 54, 9207466, 11
Corbett, 58, 9672515, 7
Cordes, 41, 4783332, 15
Corenda, 29, 4208693, 18
Corina, 27, 5662880, 9
Corkstow, 32, 5885213, 14
Cormier, 43, 9275444, 10
Cornelle, 58, 9498738, 11
Correa, 52, 7115873, 16
Corrina, 53, 5189168, 6
Cortese, 34, 4659683, 19
Cosentin, 48, 7674535, 14
Cossota, 59, 6600769, 16
Costel, 62, 4963072, 6
Cottingh, 39, 6888411, 8
Coulson, 51, 5207057, 6
Coursey, 58, 9073439, 11
Courvill, 40, 9820114, 6
Covach, 43, 8853418, 11
Cowick, 58, 4769883, 19
Coyne, 30, 7104697, 10
Crabtree, 60, 7153674, 5
Craig, 34, 6785490, 17
Crapco, 53, 8015949, 14
Craycraf, 33, 6881690, 7
Credille, 61, 8307629, 19
Crerar, 39, 6166422, 10
Cricket, 61, 3913043, 10
Crissy, 53, 5286766, 5
Cristiano, 27, 8391653, 15
Cristopher, 39, 6665220, 12
Croix, 30, 8631287, 8
Cronkwri, 43, 4078721, 6
Crosswel, 31, 9907205, 7
Croxford, 26, 8092728, 19
Cryoelec, 40, 9447227, 8
Csop, 31, 6939563, 6
Cucchiar, 42, 5677883, 16
Cuffle, 57, 5728223, 7
Cullan, 63, 6555511, 5
Culver, 38, 6832563, 18
Cunningh, 28, 7051768, 15
Curnow, 57, 4887660, 13
Curt, 29, 9741009, 8
Custer, 58, 3774887, 9
Cy, 31, 5994057, 11
Cymbre, 38, 8121929, 16
Cynthy, 57, 9231942, 15
Cyrus, 30, 9144209, 15
Dabbs, 64, 6144854, 16
Dacre, 62, 7803759, 16
Daebum, 30, 7741973, 6
Dafydd, 41, 9513171, 8
Dagnall, 41, 5851899, 12
Dahn, 31, 4657755, 11
Dairin, 45, 5728780, 16
Dales, 40, 7372603, 10
Dallal, 31, 8672000, 7
Dalston, 30, 9940012, 19
Damena, 37, 9379759, 8
Damone, 31, 5382894, 7
Dando, 64, 7414636, 15
Danforth, 36, 4222626, 14
Daniel, 57, 5601937, 10
Danila, 45, 8543421, 15
Danling, 48, 7088863, 5
Danserea, 60, 7652786, 14
Danyette, 30, 6607458, 11
Daphna, 57, 9514410, 8
Darcee, 29, 5134569, 8
Dare, 39, 9223446, 9
Darie, 32, 5813605, 10
Darleen, 56, 7673165, 14
Darold, 63, 9122490, 6
Darrimon, 56, 6986238, 19
Darshi, 47, 7272000, 12
Daryl, 39, 5973832, 13
Dasharat, 57, 4130017, 12
Dat, 49, 7372497, 9
Dattalo, 53, 5529128, 9
Daurine, 45, 6977470, 5
Davi, 34, 9521280, 17
Davies, 52, 4502533, 17
Davor, 37, 4234400, 15
Daya, 60, 4001485, 18
Dbs, 59, 8345190, 10
Deadwile, 31, 9510647, 10
Deane, 52, 4870461, 14
Dearbhla, 54, 5896630, 11
Debbie, 41, 9045520, 15
Deboer, 64, 4380538, 12
Debrah, 39, 9400930, 12
Decasper, 42, 5237685, 18
Decoursi, 35, 8229780, 8
Deeann, 48, 4662802, 10
Deery, 50, 8796522, 12
DeForest, 26, 7836157, 15
Deguines, 26, 5834492, 18
Deiadrel, 26, 5798986, 5
Dejan, 37, 7244049, 11
Delainey, 33, 4736956, 14
Delbridg, 28, 4468448, 12
Delgross, 45, 5168482, 17
Delle, 26, 7426576, 7
Delolmod, 30, 3965220, 14
Delphini, 42, 7487005, 14
Demarest, 29, 5380282, 13
Demetria, 31, 9335236, 5
Demir, 41, 7081884, 18
Dempsey, 60, 8792724, 19
Denemark, 60, 6513236, 5
Denice, 38, 6537242, 13
Denmark, 51, 8386023, 11
Denno, 48, 6562111, 9
Denyse, 57, 4616260, 5
Dephoure, 47, 9349955, 17
Derecki, 50, 5741089, 6
Dermardi, 61, 9583958, 7
Derrik, 56, 5865375, 6
Dery, 52, 9114674, 18
Deschamp, 36, 5577377, 6
Desilets, 37, 5917669, 16
Deslauri, 27, 6052833, 16
Despinic, 52, 4136906, 19
Destefan, 54, 8283316, 15
Deugo, 43, 6187570, 7
Developm, 55, 3613486, 18
Devices, 29, 7146277, 6
Devondra, 32, 6220435, 13
Dewart, 36, 9434946, 9
Dewolf, 59, 4150212, 16
Dezco, 52, 7219540, 12
Dharmara, 33, 7278674, 5
Dhiren, 50, 5328802, 13
Dian, 64, 8112851, 10
Dianne, 30, 6679690, 17
Dickens, 42, 7832676, 9
Dickson, 64, 6384795, 13
Diederic, 62, 5154931, 16
Diep, 29, 4141320, 7
Dieu, 61, 8536688, 16
Digilio, 63, 7886974, 6
Dilip, 38, 8613069, 8
Dilly, 48, 5050052, 12
Dimetra, 39, 3643682, 8
Dimitrou, 30, 7759277, 18
Dinesh, 42, 3946790, 16
Dinker, 50, 4230960, 11
Dinu, 50, 7628447, 19
Dionysiu, 38, 3604628, 19
Dira, 34, 6990528, 9
Dis, 56, 9879876, 13
Dispatch, 46, 5273990, 19
Dixie, 46, 4374759, 16
Dmitri, 32, 8286384, 11
Doan, 32, 4841238, 5
Docherty, 52, 6510539, 15
Dodgson, 54, 6907775, 10
Doerfel, 30, 9011926, 5
Dokken, 42, 9043428, 8
Dolley, 34, 9353579, 8
Dom, 38, 7008944, 9
Dominga, 60, 9112711, 12
Dominque, 27, 5976257, 16
Donal, 54, 9212034, 7
Donavon, 28, 9965595, 5
Dongmoon, 43, 4916632, 14
Donn, 54, 8181467, 16
Donnette, 45, 9177601, 12
Donyale, 46, 9459963, 12
Doraine, 55, 6086227, 19
Doray, 46, 6909433, 13
Dorena, 56, 9816554, 19
Dorie, 48, 7020659, 17
Dorita, 33, 6371801, 13
Dorothea, 35, 3862718, 10
Dorri, 36, 7136335, 7
Dorval, 53, 3739443, 7
Dot, 31, 3619353, 8
Doublesi, 52, 4404513, 8
Doughty, 48, 6099551, 16
Dove, 29, 5127699, 11
Dowjones, 53, 4852481, 10
Doy, 50, 6947889, 19
Dpu, 42, 8137736, 13
Dragnea, 35, 7275704, 11
Dransfie, 42, 5035733, 14
Dreisbac, 32, 4328364, 17
Drexel, 41, 4977724, 10
Dr.jones, 56, 5995738, 8
Dr.seuss, 33, 6425834, 6
Drue, 57, 8537945, 15
Drusy, 52, 5857366, 16
Duan, 63, 7380456, 17
Dubose, 30, 5599826, 14
Ducic, 32, 9043860, 15
Duece, 49, 4878155, 13
Dufford, 47, 3735695, 10
Duggan, 38, 3797946, 16
Dula, 47, 7158863, 9
Dulcy, 38, 6878408, 10
Dumouche, 46, 8359161, 5
Dungan, 35, 8510555, 16
Dunne, 41, 7149144, 5
Dupaul, 49, 7128291, 13
Dur, 37, 8303447, 18
Durling, 32, 7453681, 11
Dusa, 44, 8115329, 16
Dutcher, 62, 4027834, 19
Dvm, 41, 4526901, 9
Dwyer, 57, 4017043, 12
Dyckman, 33, 4997811, 8
Dysart, 49, 5513256, 10
Eades, 56, 6815859, 16
Eales, 27, 5853510, 18
Earlie, 29, 3680297, 15
Eason, 60, 3971924, 6
Eastus, 48, 8164125, 15
Ebbingha, 27, 6534319, 16
Ebony, 52, 3943880, 14
Ecklund, 35, 5704896, 12
Edda, 41, 8243203, 10
Edeline, 60, 3696746, 11
Edgette, 42, 6555594, 10
Edistix, 39, 4883852, 13
Edlin, 40, 9997698, 5
Edmx, 57, 4657344, 5
Educatio, 35, 9340947, 12
Edy, 34, 4984200, 8
Efrem, 27, 6934107, 13
Egbert, 63, 9433179, 7
Egional, 26, 5876175, 10
Ehmi, 64, 4505904, 8
Eiji, 47, 9665626, 12
Eimer, 41, 5704485, 6
Eisen, 35, 5467123, 14
Eitner, 62, 4340637, 11
El, 57, 5611410, 18
Elberta, 38, 7962069, 15
Eldon, 42, 4853150, 18
Electric, 33, 3611556, 7
Eleomore, 44, 4654328, 12
Elfrida, 60, 8811983, 13
Eli, 36, 8681423, 10
Eliezer, 60, 3994861, 12
Eliott, 53, 9805807, 17
Elissa, 31, 9910911, 14
Elkaim, 55, 8165744, 17
Ellary, 59, 8567137, 6
Ellerey, 33, 4165760, 13
Ellis, 43, 5189141, 19
Ellwood, 37, 6774882, 15
Elmore, 30, 4249833, 13
Eloy, 57, 9943444, 18
Elsey, 33, 7611310, 15
Elting, 50, 4937283, 9
Elvire, 44, 4835412, 10
Elya, 37, 8363042, 10
Elzie, 37, 8461120, 14
Emanuele, 42, 5946550, 19
Emerick, 53, 4720737, 17
Emilee, 59, 6565914, 19
Emillia, 37, 7925554, 14
Emmalyn, 37, 9138264, 14
Emmery, 41, 6953319, 16
Emmy, 43, 5824260, 9
Emr, 63, 8185506, 8
Encomend, 47, 7810399, 5
Endora, 56, 9626701, 12
Engelbart, 63, 8680129, 18
Englebart, 45, 9140186, 12
Engsiong, 49, 7534779, 18
Enos, 42, 7834589, 7
Enriqueta, 49, 5935247, 8
Enya, 29, 6350880, 19
Ephram, 55, 6559999, 9
Epting, 39, 5801114, 13
Erdinc, 40, 7468784, 17
Erhhuan, 44, 6245107, 11
Ericsson, 49, 7097218, 10
Erinn, 36, 7107231, 8
Erma, 50, 7864286, 19
Ermin, 64, 9059617, 15
Ernestina, 31, 4943058, 12
Eroler, 62, 8258053, 15
Erskine, 62, 9648617, 19
Erwing, 40, 7535680, 5
Escher, 30, 6071006, 9
Esi, 43, 3617638, 13
Esmail, 52, 7385752, 12
Espen, 62, 4005545, 10
Essam, 60, 7397756, 13
Este, 31, 7161002, 5
Estep, 62, 4704485, 11
Estridge, 49, 4999174, 9
Eteminan, 51, 4998388, 11
Ethelred, 41, 9842738, 6
Etsuko, 51, 8401379, 13
Etzell, 35, 7233766, 8
Eugenie, 53, 9450250, 7
Eung, 63, 7330959, 8
Euysoo, 63, 8765135, 16
Evan, 59, 8371206, 8
Evans, 45, 6900113, 15
Evellyn, 45, 9603454, 12
Everett, 51, 6432110, 12
Evgeny, 52, 9662432, 5
Evraire, 52, 5211886, 6
Eward, 36, 6832904, 19
Eyde, 28, 7286946, 14
Eziechiele, 53, 6587582, 10
Faber, 53, 8242043, 11
Fabrianne, 31, 9547319, 7
Fadi, 53, 6646676, 17
Fagg, 57, 6715875, 18
Faiq, 58, 5096619, 5
Fairman, 42, 4353877, 14
Fakhri, 45, 4939680, 15
Falito, 38, 9892331, 5
Falquero, 50, 9345820, 6
Fanchon, 45, 9434956, 19
Fanni, 33, 8216228, 9
Far, 36, 5436448, 9
Fares, 48, 4656618, 17
Farica, 29, 4064872, 17
Farn, 39, 7409439, 14
Farouk, 55, 9688709, 13
Farringt, 29, 7261770, 8
Farzin, 49, 7846355, 14
Fater, 34, 8676229, 11
Faucher, 39, 9201642, 18
Fautas, 35, 9669906, 13
Fax, 26, 5362508, 9
Fayre, 27, 4534303, 7
Feder, 36, 9918107, 11
Feeney, 61, 4833726, 13
Fekade, 50, 4913271, 19
Felicdad, 40, 6335526, 6
Felipa, 46, 4312376, 6
Felli, 56, 4993078, 17
Fenella, 45, 9148226, 5
Feodor, 56, 6965404, 18
Ferdinande, 49, 8919358, 12
Fererro, 36, 8157408, 17
Ferm, 27, 7726230, 9
Fernande, 58, 7258051, 7
Ferree, 57, 8249492, 14
Ferro, 29, 7970780, 7
Feyen, 61, 4277949, 13
Fickes, 36, 9863328, 16
Field, 58, 8356387, 17
Fig, 56, 7941138, 8
Fildey, 48, 3917458, 8
Filippi, 34, 7438146, 13
Fima, 53, 9676174, 13
Finis, 63, 4696414, 12
Finnigha, 34, 5624656, 19
Fionnula, 44, 5182315, 19
Firtos, 58, 7031160, 15
Fishman, 49, 9017546, 9
Fitzgera, 36, 6334055, 13
Flanagan, 49, 4015033, 12
Fleishma, 60, 8697683, 5
Fleurett, 28, 8777216, 11
Flint, 62, 5187937, 11
Florance, 53, 7164303, 17
Florenti, 27, 9540042, 8
Florian, 47, 3744777, 5
Florri, 39, 8230386, 10
Floyd, 61, 7992893, 17
Flynn, 56, 7341728, 14
Foest, 60, 8908766, 18
Foley, 46, 5608466, 18
Fonsie, 55, 9160186, 14
Foos, 47, 4921335, 11
Forese, 63, 6334495, 12
Forrest, 57, 4257716, 11
Fortman, 50, 9740492, 19
Fothergi, 44, 7386306, 5
Foulkes, 26, 4840403, 16
Fowles, 33, 7798817, 9
Fraley, 58, 8217934, 12
Francesc, 54, 4038893, 13
Francisc, 43, 4895504, 15
Francklin, 51, 8225913, 17
Franics, 37, 4389944, 7
Frankos, 29, 3800361, 6
Frantise, 63, 7914526, 13
Franzky, 39, 6082050, 19
Fraze, 28, 7566796, 19
Fredelia, 54, 4986311, 11
Frederik, 38, 3991002, 17
Fredrich, 30, 8479552, 7
Freeley, 55, 3782346, 11
Freixe, 36, 4960250, 12
Frey, 48, 3717553, 16
Frieda, 42, 3618557, 19
Friedo, 35, 3636010, 11
Friolin, 32, 7398337, 13
Fritzi, 35, 9652277, 16
Froncek, 40, 4907074, 9
Fruehauf, 57, 3871754, 16
Fu, 51, 7804139, 13
Fukumoto, 61, 9396342, 5
Fulton, 47, 4324902, 7
Fuqua, 60, 6711154, 5
Furst, 59, 9405946, 5
Fwpas, 26, 6666994, 5
Gabbai, 51, 7551142, 5
Gabor, 36, 9444696, 19
Gabrila, 59, 3704412, 13
Gaebel, 55, 4412754, 8
Gafford, 39, 9220360, 17
Gahn, 58, 5766124, 19
Gaime, 50, 4661902, 8
Gajowiak, 40, 4133606, 12
Galewski, 41, 7887534, 11
Galligan, 33, 9724046, 5
Galt, 36, 7557669, 10
Gamarnik, 31, 9703157, 8
Gandhi, 42, 3843658, 15
Gann, 48, 4165483, 14
Gapp, 49, 7575986, 17
Garbish, 50, 9638368, 11
Garee, 52, 7051327, 10
Gargulak, 32, 4091466, 7
Garnette, 45, 7843633, 11
Garrick, 64, 4391794, 7
Garvey, 42, 7139255, 8
Gaspar, 62, 3600707, 7
Gateau, 44, 9144777, 7
Gaudreau, 43, 8794893, 12
Gauss, 38, 6306457, 18
Gavra, 56, 8799960, 12
Gay, 43, 9271744, 6
Gaylor, 30, 8446711, 12
Ge, 53, 5952368, 7
Gedas, 45, 7594660, 6
Geer, 45, 9473287, 9
Gehring, 28, 9706687, 16
Geller, 43, 3688613, 18
Genae, 45, 7807124, 9
Geneva, 52, 3674974, 6
Gennadi, 28, 9145229, 7
Genowefa, 54, 4267660, 16
Geoffry, 37, 8736873, 15
Georgena, 49, 7370124, 18
Georgiamay, 64, 4454945, 15
Georgiou, 52, 5548088, 8
Geraldine, 50, 5290868, 7
Gerd, 64, 5735500, 10
Gerhart, 60, 7692936, 11
Gerlinsk, 61, 7677717, 13
Germe, 51, 6749476, 12
Gerritse, 42, 7462934, 14
Gerth, 60, 9785770, 17
Gervais, 62, 7809451, 16
Getrude, 28, 5777610, 9
Ghaemian, 36, 7398392, 12
Ghassem, 40, 9811053, 12
Ghita, 37, 9532652, 19
Giacobo, 47, 9191614, 6
Giana, 35, 7015538, 15
Gianni, 43, 9194528, 8
Gibbs, 51, 8128545, 7
Giedre, 37, 8922037, 19
Giffer, 56, 7105365, 16
Gihan, 62, 7947247, 6
Gilbertina, 48, 5558697, 5
Giliham, 50, 5813002, 18
Gillette, 32, 8416850, 10
Gillis, 49, 9975205, 16
Gina, 33, 8295191, 11
Gingrich, 49, 9284488, 19
Gintaras, 49, 5688323, 11
Giorgio, 61, 4574358, 6
Giralda, 58, 4679465, 6
Giroux, 40, 6290120, 15
Gitt, 57, 6777622, 8
Giuliano, 57, 8090057, 15
Gizela, 64, 5518295, 10
Glanfiel, 55, 7030540, 12
Glauco, 64, 7403375, 6
Glenine, 50, 3747223, 14
Glinka, 53, 5611558, 12
Glory, 52, 4059316, 10
Gnaeding, 41, 4708970, 12
Godard, 57, 5369972, 15
Godin, 52, 5303580, 14
Godwin, 26, 4824538, 16
Goertz, 43, 3743899, 14
Goin, 52, 7427019, 14
Goldarina, 48, 8665512, 16
Goldie, 56, 4474917, 9
Golia, 38, 6849762, 18
Gomm, 64, 6951295, 6
Gooch, 41, 3701554, 11
Goodrow, 64, 9922256, 13
Gopal, 26, 7844296, 13
Gordana, 33, 8175429, 18
Gorham, 54, 4379600, 12
Gorsky, 61, 3622715, 13
Goszczyn, 61, 9363628, 10
Gottstei, 28, 3613882, 18
Goulet, 48, 7774317, 12
Govindas, 32, 4733257, 14
Goyal, 27, 5348707, 18
Gracey, 43, 3732836, 9
Gradey, 55, 5492118, 12
Graham, 27, 7404173, 16
Gran, 46, 4075412, 8
Grange, 33, 3824130, 16
Granvill, 45, 6597219, 16
Gratton, 42, 9798055, 19
Grawberg, 38, 3690212, 8
Greaney, 60, 6568897, 15
Greene, 45, 5526130, 7
Gregg, 47, 5154529, 6
Gregoriu, 58, 3740418, 6
Grenville, 55, 9387377, 16
Greti, 37, 4119944, 19
Gribbon, 51, 3798370, 6
Griffy, 44, 8766026, 18
Grimes, 55, 8372072, 5
Griselda, 37, 6407779, 9
Groce, 41, 9039259, 6
Gronwall, 54, 6817809, 18
Groth, 43, 6244981, 7
Grubbs, 56, 6675737, 17
Grzegorz, 33, 9438020, 11
Guanyun, 48, 9223611, 10
Gudgeon, 35, 6244815, 12
Guenther, 35, 7491643, 18
Guggi, 43, 8276780, 17
Guilbert, 62, 8614107, 16
Guillermo, 36, 9761591, 13
Guinevere, 49, 5885193, 17
Gulbrand, 41, 8617267, 10
Gumb, 29, 4723354, 12
Gunboat, 42, 8895572, 14
Gungor, 42, 8654446, 13
Gunshor, 27, 7391742, 18
Guojie, 43, 5331589, 12
Gurgenci, 48, 7820263, 19
Gursin, 30, 5339467, 16
Gustafso, 31, 7295765, 15
Gustoavo, 45, 6774406, 18
Guttman, 42, 5701520, 5
Gwen, 32, 8547988, 14
Gwenn, 38, 9054228, 16
Gwyn, 59, 9523969, 7
Gyorgy, 58, 9909859, 16
Haaksman, 60, 7493916, 7
Hache, 32, 7442166, 15
Hadden, 43, 7559385, 9
Hadrian, 43, 7737001, 9
Hafermal, 59, 6446977, 7
Hagewood, 30, 7474418, 17
Hahn, 40, 9413362, 10
Hailey, 41, 6023193, 5
Haire, 29, 8974635, 16
Hala, 38, 8174949, 10
Halford, 32, 5701653, 8
Hallenbe, 44, 8930039, 9
Hallsy, 39, 9169591, 17
Haluk, 44, 8518064, 5
Hameed, 28, 6169755, 13
Hamlett, 55, 4977151, 6
Hamner, 38, 5906577, 5
Hamzeh, 32, 4248681, 18
Handoko, 57, 8215389, 9
Hanh, 36, 3661146, 15
Hanke, 63, 7177694, 13
Hannelor, 40, 4212975, 9
Hanno, 54, 8303604, 10
Hanser, 33, 5472695, 11
Hansson, 49, 8165069, 16
Haralamb, 42, 7322429, 15
Hardcast, 56, 4478999, 7
Hardwick, 60, 4582766, 8
Hargrow, 53, 6687958, 14
Harkness, 31, 9751249, 5
Harlin, 54, 4366146, 7
Harn, 50, 3742916, 7
Harpo, 42, 8240077, 16
Harrine, 36, 9017016, 8
Harry, 61, 9643437, 18
Hartell, 60, 3649966, 9
Hartman, 28, 7711021, 18
Harumi, 46, 7872669, 11
Harwerth, 63, 3641751, 12
Hashemi, 42, 6225605, 16
Hasmukhb, 53, 4482830, 7
Hasted, 34, 9831429, 18
Hathaway, 42, 8401443, 8
Hatzenbi, 31, 5762461, 11
Haunui, 56, 9748901, 13
Haverty, 54, 6646870, 14
Hawkin, 60, 4233518, 7
Hayden, 29, 4815424, 17
Haynor, 36, 5557620, 10
Hazem, 61, 7591847, 12
Healy, 64, 8062900, 12
Hebbar, 56, 7064825, 9
Heddie, 49, 8126950, 7
Hedvige, 34, 9552878, 18
Hegelian, 46, 6815304, 12
Heike, 58, 7395651, 7
Heinen, 58, 8616347, 12
Heinz, 44, 7872743, 16
Heldenbr, 60, 9063958, 13
Helenka, 45, 8877950, 13
Hellberg, 43, 7065969, 8
Helma, 34, 7310512, 16
Helsa, 41, 6270847, 8
Hemphill, 31, 9154349, 18
Hendrik, 53, 8010736, 19
Hengda, 43, 8316151, 10
Hennelly, 57, 4287854, 9
Henrieta, 26, 9353220, 15
HEnry, 47, 5101270, 18
Henthorn, 42, 7290107, 11
Herb, 26, 8661689, 5
Hercules, 54, 7182493, 9
Hermack, 57, 8516653, 6
Hermina, 40, 5232908, 7
Hernek, 47, 5326423, 11
Herrage, 48, 8546101, 17
Herrmann, 42, 8055162, 11
Hershel, 26, 4487126, 19
Herums, 58, 8373769, 14
Hess, 53, 8872710, 9
Heunis, 53, 9408501, 10
Hewlet, 57, 8044042, 18
Hezekiah, 56, 4760512, 13
Hickin, 35, 7001211, 6
Hiebsch, 29, 7919019, 16
Highsmit, 32, 7245591, 14
Hilario, 54, 5292930, 17
Hilde, 61, 9993736, 15
Hildy, 48, 6420752, 14
Hilli, 49, 9354289, 6
Hillyer, 45, 4872296, 7
Himraj, 53, 5757096, 12
Hines, 31, 9319199, 16
Hinson, 33, 4862158, 7
Hiralal, 53, 4340322, 6
Hiromitsu, 41, 9248074, 12
Hirsch, 41, 4534271, 8
Hishchak, 36, 3686766, 11
Hitoshi, 26, 6058780, 19
Hm, 59, 9667935, 13
Hobard, 64, 5404340, 14
Hobin, 28, 4162386, 15
Hoddinot, 48, 6608216, 12
Hoeg, 38, 4291185, 12
Hoequist, 41, 8727851, 19
Hofmeist, 55, 8277340, 16
Hohn, 48, 7885753, 14
Holder, 52, 5608254, 5
Hollen, 28, 8164672, 17
Hollingt, 37, 8096072, 7
Holly-Anne, 39, 6624221, 9
Holt, 40, 9557620, 6
Hom, 48, 8540310, 17
Hon, 28, 4165509, 19
Honkakan, 34, 9718075, 15
Hooks, 51, 3917027, 15
Hope, 26, 6124309, 14
Hoque, 26, 8716499, 15
Horban, 36, 4720038, 7
Hornbeek, 39, 6839325, 6
Horst, 37, 8028651, 8
Horwitz, 59, 6076663, 5
Hoskin, 45, 9540457, 12
Hotta, 28, 4939234, 11
Housley, 55, 9251503, 11
Howarth, 63, 6933938, 6
Howland, 30, 7118263, 10
Hpone, 37, 6687803, 12
Hruska, 56, 5729326, 10
Hsien, 26, 3785258, 10
Hsueh, 30, 9272592, 13
Huayuan, 46, 5362964, 13
Hubert, 37, 4851463, 13
Huddlest, 54, 4346307, 12
Huerta, 58, 8022328, 17
Huggins, 27, 4156433, 5
Huguin, 28, 4393259, 10
Hukam, 33, 9534911, 11
Hulya, 58, 5305995, 7
Humfrid, 55, 6154831, 17
Hung, 47, 9610196, 15
Hunt, 46, 9379958, 19
Huoyen, 35, 4454443, 14
Hurman, 46, 6173960, 6
Huseyin, 60, 5220370, 16
Huszarik, 57, 4795397, 10
Huub, 51, 8132420, 11
Hwajin, 61, 7872101, 8
Hyatt, 58, 9130938, 15
Hyman, 42, 9545323, 14
Hyrne, 54, 9438228, 5
Iago, 28, 6271008, 5
Iarocci, 64, 5436679, 15
Iburg, 26, 9959346, 5
Ichizen, 49, 7810947, 18
Idell, 58, 7559337, 15
Ieleen, 39, 6705751, 13
Igarashi, 63, 4717507, 16
Igor, 64, 4682409, 16
Ikeda, 33, 5246135, 19
Ilario, 36, 3677591, 7
Iline, 28, 8565723, 18
Ilona, 40, 8306197, 7
Ilyess, 52, 4717774, 6
Imi, 62, 4379465, 5
Imre, 54, 8229949, 18
Ince, 29, 4592956, 6
Indianaj, 44, 9410801, 5
Inez, 40, 9418397, 6
Inge, 27, 6321738, 11
Ingle, 36, 5592008, 17
Ingram, 36, 6839403, 12
Inhwan, 49, 8876585, 10
Innocent, 34, 6157998, 11
Installe, 38, 7090306, 18
Intune, 56, 7461174, 12
Iola, 31, 4982353, 13
Ioui, 38, 3618967, 12
Irani, 62, 4159469, 11
Ircstand, 57, 9218446, 14
Irick, 39, 4973924, 7
Irna, 26, 7147779, 12
Isaach, 30, 5043725, 14
Isabelle, 30, 7465736, 10
Isak, 37, 3922215, 6
Isert, 62, 5024109, 15
Ishikida, 61, 8330757, 11
Isip, 34, 7064260, 15
Ismael, 48, 8174831, 10
Issie, 63, 9828525, 13
Itaya, 36, 6704183, 17
Ivanhoe, 33, 8763043, 16
Ivett, 56, 7603532, 16
Ivy, 31, 5015497, 19
Iyun, 33, 5033063, 11
Izumi, 38, 7868399, 16
Jabbari, 46, 5918751, 15
Jacenta, 61, 8926131, 17
Jackelyn, 40, 6984987, 8
Jacky, 57, 8830070, 11
Jacque, 42, 7299468, 16
Jacques, 27, 4385191, 14
Jade, 39, 6242992, 18
Jagath, 64, 5349458, 5
Jagoda, 30, 3695291, 10
Jaime, 35, 4770797, 17
Jakeman, 41, 9520799, 18
Jalal, 54, 5960353, 6
Jaman, 64, 6908428, 19
Jamey, 42, 9440845, 16
Jammal, 46, 6376050, 6
Jan, 51, 8404319, 7
Janda, 46, 9757080, 17
Janela, 35, 8394409, 7
Janete, 52, 4698394, 14
Jania, 28, 8307603, 13
Janit, 40, 4929793, 17
Jannel, 34, 5128425, 16
Janrober, 56, 8884112, 11
Jany, 41, 5055332, 17
Jaquenette, 37, 5703315, 9
Jared, 33, 7532244, 9
Jarmo, 63, 5821514, 11
Jarret, 42, 7491009, 5
Jarvis, 42, 4639875, 11
Jasna, 58, 7450231, 15
Jaswal, 63, 7957771, 10
Javad, 40, 4430304, 8
Jawn, 40, 9161257, 5
Jayavant, 49, 8684672, 12
Jayn, 38, 8797917, 19
Jcst, 34, 6233163, 8
Jeane, 54, 4691953, 9
Jeanie, 45, 6817281, 13
Jean-Michel, 34, 7391308, 6
Jean-Pierre, 53, 9992974, 7
Jeddy, 34, 5909428, 5
Jefferson, 31, 3977822, 7
Jegland, 38, 3642157, 6
Jelske, 38, 7643566, 8
Jenchen, 36, 6106541, 10
Jenifer, 30, 7639838, 5
Jenness, 39, 7731424, 19
Jeno, 50, 5571083, 17
Jerad, 44, 9436872, 17
Jeremias, 48, 9976242, 6
Jeroen, 42, 6064091, 6
Jerrilyn, 41, 4862918, 9
Jess, 52, 7901148, 8
Jessey, 45, 4179245, 19
Jester, 57, 5036189, 8
Jewel, 51, 9091647, 16
Ji, 60, 3994215, 18
Jianqi, 45, 4765407, 11
Jieyong, 61, 5412585, 11
Jill, 46, 9891975, 15
Jilly, 60, 9253810, 11
Jims, 35, 4372212, 12
Jingru, 40, 8877486, 12
Jinsoo, 61, 5647241, 13
Ji-Tu, 62, 6166149, 12
Joana, 26, 5748480, 10
Jo-anne, 56, 7027397, 15
Joaquin, 36, 7611204, 10
Jobye, 41, 4317184, 10
Jocko, 39, 6769347, 7
Joela, 58, 5644317, 12
Joeph, 28, 6167873, 16
Johanama, 39, 5234190, 7
Johanson, 47, 5801777, 8
Johnette, 41, 5514201, 15
Johnsson, 42, 6878003, 10
Jojo, 33, 7533022, 9
Joli, 38, 4643385, 19
Jolynn, 47, 6580177, 5
Jone, 62, 6380270, 17
Jongwoei, 55, 6936258, 19
Jonthan, 61, 7228585, 12
Jordanna, 54, 8520168, 14
Joris, 51, 8144861, 14
Josef, 30, 3765557, 10
Josephina, 52, 9618446, 6
Joshuah, 53, 5027878, 13
Joson, 27, 3755366, 5
Joubert, 51, 9882669, 13
Joyann, 54, 8938724, 10
Jozsef, 46, 7215507, 9
Juano, 60, 9799531, 14
Judah, 57, 5230304, 9
Judithre, 49, 8101665, 11
Juhan, 62, 4177207, 18
Julayne, 26, 8823078, 16
Juliann, 63, 4987760, 10
Julietta, 48, 8331354, 16
June, 58, 7148711, 11
Junia, 31, 5073369, 5
Junli, 58, 8191026, 9
Jurek, 42, 6313295, 15
Juskevic, 36, 4357106, 5
Justis, 31, 3956649, 17
Jyunchen, 38, 7313700, 11
Kabir, 55, 6458814, 5
Kacy, 64, 8153642, 17
Kadri, 57, 5880262, 8
Kahhan, 52, 7082060, 7
Kaibor, 52, 5422860, 6
Kain, 32, 9515638, 9
Kajeejit, 62, 6980300, 16
Kalaiche, 30, 7845431, 13
Kaley, 61, 3663904, 14
Kalla, 63, 8864227, 14
Kalpit, 39, 7328311, 19
Kalyan, 34, 5074602, 13
Kamboh, 36, 6447329, 13
Kaminsky, 34, 8685508, 18
Kamthorn, 27, 8188160, 5
Kanchit, 32, 3894010, 19
Kang, 30, 5818564, 9
Kannel, 45, 7361353, 8
Kanwalji, 57, 9585387, 19
Kaplan, 51, 7675978, 18
Karademi, 63, 8043037, 5
Kardomat, 33, 9509644, 19
Kari, 48, 7063558, 13
Karina, 57, 4868837, 14
Karl-Arne, 37, 9390546, 19
Karlik, 38, 6385700, 14
Karlyn, 37, 9761679, 18
Karolefs, 28, 5948129, 19
Karrah, 31, 5018509, 16
Karwowsk, 58, 3845820, 6
Kashef, 26, 6711058, 18
Kass, 60, 6022095, 7
Kast, 53, 9816220, 7
Katalin, 54, 4090048, 7
Katey, 60, 8041991, 8
Katherina, 36, 4294909, 10
Kathnels, 40, 5164442, 19
Katia, 45, 7063593, 15
Katren, 57, 4921442, 6
Katti, 33, 8118245, 16
Kauffman, 49, 5634581, 17
Kavid, 58, 4115115, 7
Kawauchi, 28, 7950799, 17
Kayley, 38, 4272612, 10
Kazim, 28, 7482414, 6
Kazuo, 56, 8801070, 12
Keanu, 61, 6173533, 6
Kechichi, 38, 4167423, 14
Keehan, 54, 6544095, 16
Keenan, 53, 9972582, 18
Kei, 47, 5161568, 12
Keilty, 47, 9354089, 19
Keith, 49, 9259789, 8
Keldon, 53, 8342227, 18
Kelle, 34, 7302944, 19
Kellie, 48, 9016134, 19
Kelsay, 30, 9300202, 19
Kem, 40, 5000474, 18
Kemppain, 32, 4297783, 13
Kendi, 26, 8610639, 7
Kenmir, 56, 5384862, 10
Kenney, 54, 9964213, 11
Kenta, 44, 9054437, 6
Kepler, 42, 8871752, 18
Kerianne, 49, 6422560, 5
Kernahan, 49, 6148850, 6
Kerry, 51, 8745533, 13
Kesler, 60, 5893403, 9
Kestelma, 44, 3972404, 13
Ketsler, 35, 4303978, 17
Keve, 29, 5006371, 19
Key, 51, 7546868, 8
Khai, 42, 6040584, 7
Khariton, 34, 4838319, 14
Khim, 28, 4045388, 19
Khosravi, 64, 7544207, 7
Khurana, 33, 4819494, 15
Kiang, 33, 7193837, 15
Kiele, 41, 8834660, 9
Kieron, 31, 6286058, 15
Kika, 47, 5920613, 16
Kilcoin, 59, 5816246, 12
Killian, 51, 5327046, 16
Kimbell, 35, 6629153, 17
Kimbrell, 28, 5148444, 6
Kimme, 37, 4020567, 18
Kinahan, 36, 5178009, 9
Kingdon, 29, 5004619, 8
Kinley, 46, 7817223, 13
Kinrys, 28, 7913606, 16
Kip, 41, 6820758, 12
Kirady, 26, 6323541, 13
Kiril, 51, 9869818, 11
Kirkwood, 45, 9546728, 15
Kirstin, 51, 7709673, 6
Kissee, 44, 3697565, 16
Kitt, 58, 6459253, 15
Kiyohara, 45, 4856624, 19
Klaassen, 52, 4099433, 17
Klasky, 45, 8043731, 10
Klazina, 52, 7509849, 18
Kleynenb, 47, 6820510, 17
Klodt, 44, 6438936, 10
Knapp, 33, 5889358, 13
Knickerb, 49, 9326447, 14
Knorp, 44, 4395593, 19
Koang, 46, 4357354, 14
Kodmur, 51, 4031224, 11
Koens, 38, 6443745, 19
Kohnhors, 40, 7513225, 12
Kokosopo, 33, 9925721, 16
Koleyni, 57, 9034551, 18
Kolovson, 27, 4139609, 11
Konarski, 36, 6284294, 14
Konstan, 54, 8614111, 17
Koohi, 34, 9761153, 5
Kopke, 48, 6095042, 6
Kordon, 35, 5593789, 17
Korey, 36, 3829307, 13
Korpela, 33, 7367877, 8
Kosiorsk, 28, 4806753, 6
Kosta, 64, 5766692, 7
Kotaro, 35, 6003940, 18
Kouji, 63, 5388315, 18
Kowalcze, 37, 9866545, 14
Kozlowsk, 34, 4348305, 9
Krajacic, 50, 4647510, 14
Krausbar, 39, 7223415, 8
Kresl, 38, 9281700, 12
Krinda, 55, 5489094, 10
Krishnah, 49, 6122032, 13
Kristan, 35, 5774011, 12
Kristin, 62, 4181894, 19
Kristofor, 42, 3617320, 16
Krivossi, 50, 9853295, 11
Krotish, 31, 5932620, 6
Krumwied, 30, 5450886, 7
Krystal, 30, 9165449, 14
Ku, 34, 7623884, 5
Kucirek, 55, 3669937, 6
Kuhn, 39, 4133185, 19
Kulikows, 39, 8939349, 7
Kumiko, 47, 4322980, 16
Kunihiko, 53, 9456391, 13
Kuochuan, 28, 4907526, 16
Kurash, 28, 5006847, 13
Kurita, 52, 8948211, 19
Kuruppil, 54, 9910310, 13
Kusmider, 49, 9886931, 14
Kutten, 59, 8540087, 8
Kwa, 52, 9637655, 13
Kwee, 46, 7986388, 7
Kwong, 51, 5752978, 14
Kylie, 28, 4774069, 11
Kyoung, 40, 9754328, 9
Kyuzo, 61, 8327597, 18
Laberge, 60, 7074884, 19
Lac, 40, 7043700, 14
Lachowsk, 52, 5457460, 13
Lacy, 32, 4514218, 7
Ladonna, 35, 9019419, 10
Lafe, 47, 8695096, 13
Lagace, 53, 5715260, 9
Lai, 52, 7061806, 10
Laitinen, 31, 8701110, 14
Lakshan, 60, 7570114, 18
Lalitha, 49, 8917792, 9
Lamarre, 58, 4711381, 19
Lamia, 26, 6916330, 11
Lamotte, 44, 9672876, 16
Lana, 46, 3734604, 12
Lande, 52, 8267402, 5
Lane, 58, 9410619, 6
Langevin, 51, 7887236, 9
Langton, 41, 9553644, 9
Lannie, 59, 8750073, 9
Lanthier, 46, 9799722, 8
Lap, 50, 8734451, 6
Laprade, 38, 8380921, 18
Laraine, 34, 8626064, 10
Larisa, 42, 7442671, 6
Larock, 57, 4468399, 8
Larue, 30, 7005987, 17
Laser, 44, 4408414, 6
Laslo, 34, 7166101, 10
Laszio, 30, 5149730, 11
Lathangu, 41, 9486896, 5
Latour, 62, 7368837, 16
Laufer, 46, 5155603, 14
Lauramae, 42, 7621008, 15
Laurena, 33, 5795622, 7
Laurianne, 29, 8015215, 8
Lauris, 51, 6574883, 5
Lautaro, 48, 9989888, 9
Lavarnwa, 53, 8354739, 17
Laverty, 26, 3854194, 17
Lavonda, 45, 9774721, 14
Lawrie, 55, 8750462, 11
Layne, 62, 8292800, 6
Lazarus, 53, 4750768, 7
Leafloor, 37, 4197243, 16
Leanne, 61, 6766829, 18
Leaver, 46, 7243280, 6
Lebon, 52, 5037215, 11
Lecouteu, 54, 4435872, 15
Ledou, 39, 7909246, 15
Leela, 31, 4323763, 6
Leeuwen, 38, 6279145, 13
Leggett, 57, 9026196, 15
Lehar, 61, 7462189, 18
Leiba, 37, 3696835, 18
Leigh, 40, 7405510, 17
Leinen, 62, 9572965, 17
Leitrick, 58, 7772483, 8
Lemaire, 34, 5161534, 12
Len, 39, 5873515, 13
Lenee', 26, 7974509, 16
Lenir, 61, 7467764, 6
Leno, 52, 4638469, 10
Leodora, 60, 8009524, 14
Leonas, 38, 7667344, 14
Leonide, 34, 9291201, 11
Leora, 49, 7412660, 16
Lerch, 60, 7922958, 6
Lesh, 49, 7895631, 15
Leslie, 44, 5118121, 17
Lester, 34, 6244623, 19
Leth, 55, 8133506, 5
Letsome, 30, 6051584, 5
Leung, 35, 7608010, 19
Levent, 47, 4637200, 10
Levitin, 27, 9969100, 6
Lewinski, 49, 8137835, 12
Ley, 55, 5135742, 12
Lheureux, 32, 9367332, 8
Liangchi, 64, 5384829, 16
Libbey, 59, 6813831, 9
Lica, 49, 5061749, 10
Lichun, 35, 5724081, 12
Lidstone, 32, 7827022, 17
Liepa, 53, 5349115, 17
Lieure, 32, 4787193, 17
Lightowl, 60, 9946768, 15
Lilah, 47, 4117155, 7
Lilith, 64, 7187191, 12
Lilly, 29, 5002056, 6
Lin, 63, 5667971, 5
Linda, 58, 7159445, 19
Lindie, 29, 9860595, 12
Lindy, 51, 8409889, 12
Linette, 30, 3733205, 12
Linklett, 47, 6297886, 5
Linsley, 30, 5511485, 5
Liorah, 32, 5186664, 16
Lipscomb, 48, 9646380, 7
Lisandro, 61, 3986264, 10
Lisette, 39, 8357142, 9
Lissy, 30, 6203637, 9
Littau, 52, 5542902, 11
Liv, 41, 8259226, 16
Livingst, 36, 9044267, 13
Liwana, 47, 8935226, 16
Lizbeth, 37, 7333907, 11
Ljubicic, 28, 5861792, 12
Llewellyn, 40, 5487329, 12
Loadsum, 40, 6145146, 7
Lobue, 28, 9052777, 6
Loco, 42, 7540404, 8
Loes, 49, 6553426, 17
Logue, 27, 7648628, 18
Lojewski, 42, 8653031, 16
Lolita, 44, 7832104, 14
Lommen, 28, 9856687, 11
Lonergan, 56, 7706252, 16
Longpre, 62, 5381604, 15
Lonni, 54, 9386284, 17
Lope, 26, 4838702, 6
Lorain, 32, 6606829, 5
Lore, 47, 8366463, 14
Lorene, 43, 9978198, 17
Lorette, 26, 6368276, 13
Lorimer, 58, 6986254, 17
Lorletha, 32, 8130018, 6
Lorri, 57, 8227405, 19
Losier, 35, 8865080, 5
Lothor, 44, 9689423, 11
Lou, 62, 7603049, 6
Louhelle, 31, 7363102, 15
Louka, 44, 8089571, 5
Lovatt, 50, 5325357, 13
Lovell, 53, 6646038, 11
Lowman, 42, 8179531, 15
Loyola, 37, 5377413, 13
Lsiunix, 51, 8373591, 19
Lubna, 63, 6062563, 9
Luce, 49, 3815305, 7
Lucia, 34, 7093316, 14
Lucienne, 38, 8549373, 16
Lucio, 38, 5156584, 9
Ludchen, 56, 6835673, 13
Ludwing, 45, 4267970, 12
Lugsdin, 30, 8906508, 8
Luise, 59, 9267039, 11
Lukas, 32, 4638953, 19
Lula, 59, 9012151, 14
Lund, 31, 7317293, 14
Lupatin, 31, 5907959, 7
Lurene, 61, 8371909, 17
Lust, 38, 8399619, 7
Luuk, 49, 3790256, 15
Lyall, 46, 4405667, 7
Lyman, 45, 6046832, 16
Lyndsey, 51, 9183652, 15
Lynn, 37, 5546145, 5
Lynsey, 34, 9078070, 16
Lystiuk, 53, 5844506, 16
Maaike, 60, 8334876, 5
Mabson, 54, 4835879, 6
Macchius, 55, 7859672, 7
Macdowal, 27, 6179474, 16
Macha, 50, 7353347, 18
Macine, 35, 5110977, 12
Mackenzi, 53, 6948247, 9
Maclaren, 60, 8242570, 17
Macmulli, 48, 7367538, 19
Macquist, 54, 6218417, 5
Madame, 62, 5010512, 6
Madel, 30, 7237140, 17
Madella, 39, 7964026, 11
Madhivi, 32, 5264105, 16
Madlena, 47, 5856700, 8
Madur, 58, 9842484, 18
Mag, 63, 6811614, 10
Magdi, 41, 5347481, 6
Maggie, 42, 6489038, 11
Magnuson, 44, 5764788, 5
Mahalia, 30, 6892024, 12
Mahibur, 44, 8695057, 13
Mahn, 45, 9545797, 19
Maidel, 49, 7276567, 16
Maighdil, 36, 8477622, 16
Maine, 32, 4070983, 12
Maisie, 27, 9303482, 8
Maje, 63, 7075122, 14
Majors, 46, 8648401, 14
Makhram, 29, 3785037, 12
Maksuta, 50, 9878592, 11
Malanie, 55, 6631238, 19
Malee, 49, 7511559, 6
Malhotra, 34, 3979227, 5
Malisa, 39, 7930067, 13
Malkinso, 40, 3917428, 18
Mallorie, 44, 9735935, 15
Malta, 58, 5482892, 14
Malynne, 58, 9168164, 5
Mamo, 63, 8275643, 9
Manas, 43, 4856448, 11
Mandel, 53, 3804741, 12
Manette, 35, 8757662, 8
Manica, 52, 4311941, 15
Manitsas, 62, 5498980, 5
Manly, 35, 7608182, 18
Manno, 42, 6998383, 16
Manolito, 33, 6881198, 18
Manshih, 49, 5520460, 9
Mantell, 41, 5805206, 12
Manwarin, 42, 9900224, 11
Mara, 47, 4813891, 19
Marcanti, 45, 8441264, 17
Marcell, 61, 4611789, 8
Marcey, 64, 9234736, 5
Marchett, 52, 5071376, 12
Marcom, 48, 4825396, 13
Mare, 54, 7800279, 11
Marette, 29, 4671147, 16
Margarethe, 61, 9802752, 14
Margeaux, 35, 4180131, 14
Margie, 33, 6881877, 12
Margrit, 45, 7571932, 17
Mariaele, 43, 3761856, 13
Marianne, 35, 5147227, 9
Marie, 36, 6174465, 12
Mariejea, 47, 4244646, 5
Mariela, 38, 4926411, 15
Mariesar, 63, 3702650, 19
Marika, 42, 6141529, 11
Marilyn, 64, 7035043, 9
Marino, 56, 7639639, 14
Marisa, 34, 8160060, 16
Maritza, 47, 7353968, 19
Marji, 43, 5366009, 18
Markes, 47, 4662458, 5
Markmeye, 57, 5200553, 9
Marleah, 29, 7462327, 17
Marlies, 58, 4845329, 19
Marly, 51, 5670019, 14
Marneris, 40, 5741604, 14
Marpessa, 41, 7876660, 10
Marrett, 26, 6889079, 11
Marry, 42, 4136476, 19
Marshaus, 45, 7030642, 15
Marte, 36, 4922663, 15
Martha, 39, 5683917, 19
Martinci, 56, 7056151, 18
Marturan, 59, 9755997, 12
Maruli, 41, 8454602, 18
Marvell, 36, 8787422, 18
Marya, 54, 8418236, 18
Maryedith, 41, 4228923, 12
Marylind, 56, 8940470, 11
Maryse, 27, 9914733, 15
Masami, 29, 8698940, 13
Masazumi, 46, 7300260, 5
Maskery, 37, 6363338, 13
Massey, 26, 3730939, 10
Massoudi, 28, 5338416, 9
Mastrona, 59, 4410947, 16
Materkow, 30, 7299927, 5
Mathieso, 27, 4677699, 15
Matibag, 29, 4587973, 5
Matsubar, 59, 7301068, 10
Matthaeu, 45, 8182993, 16
Mattia, 37, 7728911, 13
Mauck, 26, 4623023, 13
Mauney, 56, 5644008, 14
Mauricio, 40, 5069899, 15
Maurizia, 61, 8454364, 17
Mawst, 64, 8622654, 6
Maximilianus, 55, 5800487, 18
Maya, 62, 3844238, 6
Mayenbur, 51, 6206734, 6
Maynard, 42, 9351323, 6
Mays, 33, 5284315, 18
Mazlack, 38, 5405979, 16
Mcafee, 37, 6772467, 7
Mcauliff, 54, 5656128, 11
Mccaig, 46, 6911563, 5
Mccarrol, 53, 8758898, 17
Mcclarre, 51, 3783667, 14
Mcclure, 46, 4847495, 19
Mcconkey, 57, 3923558, 9
Mccracke, 35, 7893884, 14
Mccuaig, 34, 8490118, 14
Mcdade, 51, 5928872, 15
Mcdowall, 41, 9373484, 5
Mcelroy, 50, 9071246, 10
Mcgaughe, 52, 6760574, 5
Mcginn, 29, 6168766, 8
Mcgregor, 54, 8079397, 5
Mcilrath, 61, 9519224, 13
Mciver, 30, 5076218, 16
Mckeitha, 35, 4851449, 12
Mckie, 56, 6460613, 12
Mclaren, 54, 4716270, 9
Mclennan, 30, 9957795, 18
Mcmeegan, 63, 7945550, 12
Mcmullin, 29, 3633081, 8
Mcnealy, 30, 4791104, 19
Mcniel, 48, 6558627, 8
Mcqueen, 53, 4736136, 19
Mcsween, 41, 5967869, 8
Mcvicker, 38, 9376914, 19
Meachum, 60, 7914592, 9
Meany, 64, 9665220, 6
Meckler, 51, 9467480, 13
Medi, 32, 7010192, 18
Meena, 36, 4349484, 19
Megen, 33, 7713271, 16
Meghann, 39, 5976803, 5
Mehmet, 52, 9207396, 18
Meijywan, 30, 5285249, 9
Meisner, 34, 3850272, 13
Melania, 45, 9763645, 16
Meldia, 49, 4664542, 18
Meletios, 60, 7165483, 15
Melisa, 27, 9672657, 7
Melitta, 40, 5424605, 6
Mellissa, 38, 6330959, 19
Meloney, 62, 5644131, 12
Melvina, 35, 7276224, 16
Menard, 37, 7830110, 7
Mendolia, 44, 8214710, 5
Menkae, 56, 6197827, 7
Menzel, 41, 4640072, 7
Mercie, 28, 7574069, 7
Merelyn, 32, 5073964, 14
Merilee, 29, 7885307, 12
Merkling, 61, 6157532, 11
Merralee, 54, 3998095, 9
Merrilee, 47, 7281975, 19
Merrywea, 40, 4345308, 9
Merworth, 37, 9788668, 11
Message, 38, 4356264, 18
Metcalf, 49, 7511745, 11
Metin, 48, 9603979, 12
Metzger, 60, 9533150, 16
Mezzano, 51, 7793098, 13
Micah, 50, 8049659, 18
Michael-James, 47, 8016104, 10
Michalos, 62, 9501940, 13
Michell, 64, 5881861, 8
Michico, 36, 4673819, 16
Michl, 64, 9044439, 7
Micole, 63, 8873718, 7
Mieczyslaw, 61, 8709848, 13
Miezitis, 26, 8067367, 13
Mihaela, 26, 3702580, 8
Miho, 47, 6756446, 7
Mikel, 63, 3676274, 8
Miklos, 49, 9306197, 19
Milan, 63, 8122439, 12
Milena, 55, 3787814, 6
Milka, 28, 4400681, 7
Millette, 27, 9075218, 17
Milloy, 58, 6051498, 17
Milor, 54, 5703590, 9
Miltie, 40, 9505458, 17
Mimmo, 56, 8375113, 10
Minami, 44, 5437385, 9
Minesh, 36, 6355776, 12
Mingtzon, 27, 5495910, 8
Minnaminnie, 31, 6519447, 10
Minority, 48, 9215056, 8
Minzhu, 51, 4455353, 16
Mira, 64, 8384786, 16
Mircea, 58, 4890982, 16
Mirenda, 58, 9223444, 11
Mirjam, 49, 6375270, 9
Mirtha, 45, 3712470, 16
Miskelly, 56, 5651148, 14
Mister, 63, 8209598, 19
Mitchel, 32, 7269679, 12
Mitsuki, 50, 9737916, 10
Miwako, 50, 5342394, 10
Mmail, 58, 8673185, 6
Mocock, 37, 8556489, 14
Modi, 37, 8892376, 18
Moeschet, 47, 3950723, 8
Moha, 49, 5637032, 8
Moh'd, 43, 4711225, 14
Moises, 28, 9795853, 9
Mokhtar, 32, 9129706, 15
Molloy, 55, 9300599, 11
Momtahan, 60, 7625565, 6
Monck, 39, 6096174, 11
Mongo, 50, 7163924, 17
Monling, 45, 5965109, 13
Montaldo, 38, 5488835, 18
Montero, 36, 7026567, 15
Montoute, 59, 8932043, 8
Monzo, 27, 4644687, 18
Moorcrof, 31, 4809464, 19
Morais, 26, 6513118, 15
Mordechay, 36, 5487057, 17
Morelli, 46, 8419339, 6
Morganne, 44, 4378398, 7
Morin, 36, 6887919, 16
Morlee, 41, 6422292, 8
Morray, 34, 8105843, 10
Mort, 60, 9134689, 19
Moselle, 34, 5159979, 13
Moskalik, 32, 6624015, 7
Motashaw, 38, 7880124, 7
Mou, 48, 8098927, 19
Mouna, 36, 6106466, 11
Mowle, 62, 6975927, 6
Moyers, 59, 5780150, 5
Mozelle, 38, 4327863, 15
Mtnview, 59, 9369790, 15
Muehle, 57, 6659315, 9
Muhamad, 59, 3707662, 5
Mukai, 35, 6143390, 15
Mulero, 52, 3779851, 11
Mullinix, 39, 5233998, 16
Mumma, 30, 7564098, 7
Munjal, 28, 6866327, 14
Munz, 29, 6704607, 11
Murdeshw, 31, 5960401, 7
Murison, 56, 9438894, 7
Murrin, 54, 4850303, 14
Murvyn, 47, 6843023, 17
Mussalle, 36, 3661741, 12
Mutia, 26, 5832273, 5
Mya, 45, 9867737, 8
Mykitysh, 26, 4855191, 9
Myoung, 56, 7846677, 16
Myrillas, 63, 9736947, 15
Myrtice, 31, 4497567, 18
Myungho, 30, 7183534, 5
Nachum, 57, 9500691, 18
Nadezhda, 31, 4183727, 12
Nadon, 26, 5025325, 15
Nagaraj, 49, 5165852, 9
Nagys, 34, 5969080, 16
Naima, 33, 8450290, 14
Nakamura, 44, 5232299, 9
Nall, 26, 9574682, 16
Namrata, 51, 7373942, 5
Nancy, 33, 5190646, 9
Nandu, 54, 8794585, 15
Nannie, 56, 8445073, 19
Naomi, 45, 4249773, 6
Napoleon, 36, 8068427, 8
Nardiell, 37, 3797238, 8
Naro, 39, 9353853, 10
Naser, 26, 5451426, 9
Nassim, 60, 8723580, 7
Natal, 56, 5991275, 16
Natalya, 47, 8363967, 10
Nath, 52, 9447847, 5
Nathanil, 32, 9925922, 18
Natty, 53, 6641217, 8
Nava, 30, 6055472, 12
Navneet, 58, 6917313, 15
Nazanin, 61, 6178125, 6
Ndrek, 47, 8009452, 17
Neander, 27, 6774323, 8
Nedderma, 29, 5126037, 10
Neely, 36, 3962161, 7
Negar, 62, 6866229, 6
Neila, 50, 9855284, 5
Neitzel, 61, 7113053, 19
Nella, 28, 5897565, 13
Nelson, 41, 4858320, 6
Nentwich, 30, 9280751, 9
Neron, 59, 4815147, 16
Ness, 51, 5893807, 17
Net, 61, 8607767, 14
Netti, 37, 3930968, 16
Neudeck, 36, 9170409, 10
Neva, 53, 6837027, 7
Nevison, 62, 5259543, 5
Newham, 62, 8004082, 13
Newsome, 61, 9655423, 18
Nezon, 61, 6927156, 16
Ngocquyn, 35, 5573136, 13
Nial, 61, 3961140, 13
Nichol, 46, 4298397, 10
Nickell, 48, 4925238, 8
Nickola, 59, 4772926, 19
Nicolai, 44, 6205660, 6
Nicoli, 49, 8582066, 19
Nie, 51, 5627010, 8
Nielsen, 53, 8545020, 11
Nigel, 37, 7853408, 14
Nikiforu, 40, 9613948, 5
Nikolaos, 42, 4868796, 17
Nikos, 35, 9592277, 16
Nils, 50, 6110427, 14
Ninetta, 30, 4101760, 5
Ninon, 50, 3916153, 5
Niroot, 34, 8325244, 14
Nishimot, 28, 7474789, 16
Nissie, 34, 4229650, 6
Niu, 56, 8597203, 14
Nizar, 60, 7625496, 14
Noak, 28, 8362380, 11
Nobu, 54, 6701661, 8
Noddin, 26, 7651108, 7
Noellyn, 63, 4574391, 12
Noland, 34, 3609217, 5
Nomi, 57, 3941667, 11
Nonna, 39, 4314934, 15
Nopi, 44, 6216746, 17
Norczen, 59, 5251584, 16
Norgaard, 39, 8230251, 14
Norma, 34, 7242235, 14
Norri, 28, 9048677, 16
Norton, 59, 4464326, 16
Notley, 43, 4130771, 9
Novella, 41, 6304586, 18
Nowlin, 32, 6624136, 6
Ntprel, 58, 4238783, 15
Nung, 47, 9924594, 18
Nuri, 34, 6510236, 7
Nyce, 51, 7565469, 5
Oakland, 51, 6304242, 6
Obadias, 41, 6911703, 13
Obermeye, 29, 6063777, 16
O'brian, 29, 5703595, 17
O'colmai, 45, 6900213, 16
O'dacre, 53, 9402489, 12
Odelia, 60, 5135666, 8
Odette, 47, 7290885, 7
O'dohert, 33, 6614149, 10
Oertelt, 28, 8669957, 19
Ofer, 64, 7032862, 14
Ogdon, 56, 9948891, 14
Ohandley, 60, 7152410, 9
Ohmayer, 47, 6178175, 14
Okafo, 34, 4516929, 15
Okey, 28, 5094242, 19
Okuzawa, 60, 4768133, 17
Oldright, 27, 7737184, 19
Olga, 42, 9650846, 9
Oliver, 32, 9244350, 18
Olle, 39, 4180651, 5
Olson, 42, 7985634, 8
Olympia, 60, 6907975, 8
Omer, 49, 7644704, 8
Onder, 54, 7810241, 5
Onfre, 61, 9541876, 12
Onyshko, 27, 5980098, 8
Open, 40, 4730985, 17
Opsplng, 43, 8068189, 15
Oralle, 56, 6669240, 5
Orders, 32, 3932313, 17
Orelie, 45, 5478002, 6
Ori, 34, 5301659, 18
Orlando, 56, 8216116, 12
Ornella, 49, 7008618, 9
Orsa, 31, 7895730, 17
Orv, 57, 6796293, 7
Osami, 45, 8162325, 13
Oscar, 44, 5801064, 12
Oskorep, 60, 6210306, 9
Ostarell, 58, 4576362, 5
Oswaldo, 53, 7248446, 7
Otes, 37, 4291800, 11
Otis, 44, 9142482, 5
Ottcsr, 34, 8095020, 5
Ou, 27, 8466343, 8
Ouzas, 53, 8267046, 18
Owen, 28, 8665261, 11
Ozan, 33, 6830878, 15
Ozselcuk, 62, 9382039, 11
Pacheco, 44, 8595797, 14
Pacon, 41, 8536452, 15
Padget, 58, 6622342, 10
Padriac, 42, 9645090, 9
Pagi, 43, 8849400, 10
Painter, 61, 4961867, 10
Palasek, 43, 6840718, 11
Paliwal, 46, 4066051, 15
Paluso, 55, 7085205, 18
Pammy, 38, 7566367, 9
Pancho, 53, 8578779, 11
Pangchun, 57, 9887458, 13
Pankratz, 41, 7537703, 7
Pantas, 41, 5580228, 7
Paolo, 49, 5714798, 13
Papajani, 48, 4382735, 5
Papos, 60, 5879771, 18
Paquito, 34, 9918550, 16
Pardo, 33, 4777750, 16
Parisen, 47, 8374787, 16
Parkins, 34, 7603615, 5
Parmente, 52, 9840598, 6
Parr, 41, 8850532, 14
Parsifal, 49, 5325219, 19
Partlo, 46, 7723492, 14
Pas, 39, 4824020, 14
Pashmine, 58, 4409498, 15
Pasvar, 63, 7663325, 7
Patchit, 56, 6850762, 12
Pathak, 63, 4635392, 16
Patra, 41, 7366549, 12
Patrik, 36, 6672734, 15
Patten, 64, 4574048, 19
Patty, 29, 9925537, 15
Pauletta, 64, 6655938, 7
Pauline, 58, 6414652, 7
Paunins, 36, 4163546, 6
Pavlov, 64, 8976042, 16
Payette, 53, 9085487, 11
Pcboards, 52, 3926143, 18
Peacocke, 64, 4431673, 19
Pearson, 26, 5129913, 13
Pederson, 37, 6475616, 9
Peerman, 45, 5439191, 16
Peggy, 45, 6917216, 14
Peleato, 41, 6624491, 18
Pelly, 63, 5343750, 14
Pendergr, 38, 8271116, 13
Penn, 41, 8925140, 5
Penrod, 41, 4999924, 16
Pepillo, 37, 7670254, 11
Peptis, 48, 4656098, 14
Peregrin, 40, 5681702, 11
Perice, 38, 9030302, 9
Perle, 44, 3627118, 15
Perras, 39, 9311994, 8
Perron, 64, 5192597, 13
Personna, 62, 7794778, 10
Pete, 31, 8381862, 7
Petit, 29, 6720965, 6
Petrey, 55, 7331125, 17
Petronil, 63, 7011597, 10
Pettitt, 45, 5918762, 9
Pezzoli, 58, 4459373, 7
Phagan, 27, 8958967, 12
Phat, 30, 6757130, 6
Philbert, 48, 6501218, 5
Philippine, 54, 5838425, 10
Phillipp, 63, 9577497, 18
Phip, 35, 7487569, 10
Phuc, 37, 5727490, 7
Phyllys, 55, 5128932, 16
Piche, 41, 3738160, 15
Pien, 54, 7914440, 8
Pieron, 54, 9046017, 5
Pierrino, 32, 4617405, 7
Pietro, 58, 6969447, 5
Piita, 26, 7962244, 7
Pillswor, 52, 9350561, 14
Pimpare, 36, 6575890, 19
Pincus, 60, 3954508, 16
Pingshen, 30, 5556669, 13
Pintado, 51, 6038470, 18
Pipit, 44, 3997965, 15
Piqueras, 36, 7781810, 8
Pirumpon, 58, 4617122, 5
Pistilli, 49, 6048599, 12
Pittges, 32, 4352487, 13
Piya, 47, 6639916, 14
Pkdcd, 45, 4892747, 17
Plantamu, 45, 4581003, 7
Platthy, 38, 6519456, 6
Ploeg, 50, 4236055, 11
Plyler, 33, 9365915, 12
Poff, 27, 6484761, 17
Poke, 43, 7351559, 11
Polder, 46, 8723439, 17
Pollinzi, 49, 3617972, 15
Pom, 39, 9989935, 16
Pontus, 44, 8784120, 10
Popadick, 33, 9720801, 18
Popowycz, 56, 5043820, 19
Port, 55, 6165757, 17
Porty, 43, 6824772, 7
Posthumu, 39, 7284362, 15
Potts, 43, 7157840, 11
Powell, 50, 6895316, 13
Poynting, 54, 6949884, 5
Pracht, 43, 4716492, 5
Pragna, 33, 5945702, 7
Prasanna, 51, 7213404, 10
Prattico, 38, 5390459, 10
Precoda, 41, 5349887, 7
Prentiss, 59, 3697454, 7
Presson, 60, 9580183, 11
Previn, 53, 8547178, 17
Priede, 33, 7448267, 15
Printing, 50, 8732048, 14
Priscilla, 60, 9667361, 13
Problems, 47, 3977770, 16
Professor, 28, 8672374, 17
Prokopen, 52, 8448529, 6
Proudfoo, 40, 9709339, 5
Pruett, 29, 6123562, 15
Prystie, 64, 9857115, 10
Publicat, 46, 4594759, 18
Pufpaff, 32, 9804404, 7
Pullum, 42, 7925842, 5
Purchasi, 49, 8293397, 13
Purson, 56, 4497005, 13
Pye, 52, 4637138, 18
Qainsp, 61, 8434596, 9
Qu, 37, 4533199, 18
Quattruc, 46, 4815057, 18
Querenge, 57, 9021294, 18
Quigly, 44, 8036273, 14
Quinn, 53, 5417833, 13
Quinto, 40, 3893996, 7
Quon, 63, 6814644, 12
Rabaglia, 59, 8896271, 19
Rabjohn, 26, 6084579, 17
Rachmani, 55, 7825677, 18
Raddalgo, 41, 9510023, 5
Radko, 29, 6487504, 9
Radvanyi, 51, 5255576, 19
Rafaelia, 41, 4827124, 17
Rafek, 39, 7232976, 7
Rafflin, 39, 9354103, 15
Ragde, 39, 7006200, 5
Ragnar, 61, 9172980, 6
Rahel, 48, 6348566, 8
Rahul, 32, 7088980, 7
Rainbeaux, 37, 9275456, 5
Raisa, 29, 9700980, 9
Rajani, 61, 3921819, 7
Rajen, 31, 4595088, 12
Rakeim, 38, 9799195, 5
Raley, 38, 8887600, 13
Ramadoss, 49, 9669792, 5
Ramanamu, 43, 4039169, 13
Rambo, 39, 8041792, 14
Ramiz, 36, 9914800, 15
Ramondt, 47, 8092789, 11
Ramsey, 33, 9908957, 8
Rancell, 26, 6694715, 12
Randhawa, 62, 9704061, 5
Raney, 55, 4740564, 13
Rangooni, 32, 5854762, 5
Ranna, 62, 6940650, 7
Rao, 28, 7729225, 18
Rasberry, 51, 4200406, 7
Rasla, 42, 4671478, 18
Rathnaku, 59, 6968116, 17
Raud, 39, 4200345, 11
Ravid, 63, 8572020, 7
Ray, 56, 8938717, 15
Raymonde, 34, 9443914, 5
Raz, 37, 3836938, 7
Readling, 40, 4271892, 9
Reavis, 34, 7754977, 11
Rebekkah, 26, 9975525, 7
Recyclin, 44, 3798455, 7
Redfoot, 39, 8996394, 14
Reeba, 28, 5077504, 19
Reeva, 26, 5110059, 19
Reggi, 56, 5364936, 8
Reginauld, 45, 3920870, 17
Rehel, 34, 6977057, 7
Reider, 46, 6453801, 10
Reina, 54, 8420894, 17
Reinink, 36, 4001153, 15
Reist, 34, 6385426, 5
Relation, 57, 9088515, 11
Remillar, 28, 3803207, 10
Ren, 54, 9638461, 12
Renault, 63, 7005344, 8
Renema, 64, 8407918, 5
Renken, 35, 8586746, 19
Rentaro, 62, 9229296, 5
Requests, 41, 4359864, 16
Resve, 35, 7424029, 14
Reuel, 37, 9138548, 7
Rewitzer, 35, 7091251, 9
Reynaldo, 63, 8133904, 17
Rezso, 44, 9383202, 5
Rheba, 34, 6494815, 15
Rhoads, 35, 4240163, 18
Rhonda, 44, 8463160, 6
Rialland, 61, 6600745, 12
Ribbon, 50, 5724810, 17
Riccitel, 58, 6506685, 11
Richelle, 35, 8921894, 11
Richy, 39, 9685246, 19
Rickey, 43, 4309486, 8
Ridder, 29, 4155766, 13
Riebl, 36, 7250499, 18
Riggins, 32, 5474971, 18
Rijos, 48, 8466406, 18
Rima, 31, 3885507, 14
Ring, 31, 9735133, 9
Riordan, 58, 5803472, 16
Risher, 62, 7640735, 16
Ritchie, 51, 8715995, 14
Rivaherr, 56, 7550471, 10
Rivy, 31, 7831020, 16
Rizzo, 31, 8628806, 10
Rob, 38, 4032822, 9
Robbyn, 46, 8167338, 5
Roberts, 36, 6819100, 19
Robinetta, 34, 5617405, 7
Robson, 55, 8238469, 17
Rochella, 57, 5706321, 12
Rockford, 53, 9959509, 9
Roddick, 41, 4721989, 5
Roderick, 47, 7327664, 12
Rodja, 62, 4359737, 15
Rodrique, 43, 8029375, 9
Roelofs, 29, 9093093, 7
Rogers, 27, 9497699, 10
Rohe, 45, 8760292, 10
Roithmai, 56, 5522033, 12
Rolando, 33, 9656903, 13
Rollin, 46, 6719502, 5
Roly, 36, 9195074, 9
Romano, 32, 4993107, 5
Rommel, 36, 7469366, 17
Romulus, 27, 3990702, 19
Ronaldso, 31, 9232088, 17
Rongchei, 50, 8859928, 16
Ronna, 49, 8992435, 10
Roosevel, 61, 9932038, 18
Rorke, 41, 9831264, 7
Rosaleen, 42, 6330850, 16
Rosamond, 60, 7463141, 10
Rosco, 26, 7862258, 17
Roselin, 62, 4791925, 10
Rosemonde, 56, 9680947, 18
Rosentha, 37, 9594850, 6
Rosie, 64, 6184621, 11
Rosmunda, 58, 5585712, 12
Rossingt, 40, 6331881, 17
Rothamel, 54, 9577948, 8
Roupen, 27, 8113884, 15
Routing, 53, 7731902, 12
Rowhani, 59, 6637639, 12
Roxi, 54, 5075111, 17
Roychowd, 48, 6720407, 6
Rozamond, 46, 9602902, 7
Rozin, 30, 6415689, 5
Rtprelb, 40, 9456468, 8
Rubetta, 29, 4118234, 11
Ruby, 33, 8606668, 6
Ruddle, 43, 6295027, 18
Rudisill, 45, 9619163, 15
Rue, 34, 5541448, 10
Ruey, 33, 7687693, 16
Ruitao, 40, 7127263, 9
Rundle, 58, 7167213, 8
Rupa, 63, 4123279, 13
Rurik, 57, 5604445, 11
Russ, 64, 4770444, 15
Ruta, 41, 4469664, 15
Rutherfo, 32, 3966075, 14
Ruttger, 63, 5990527, 8
Ruzycki, 29, 4522512, 8
Ryder, 31, 3824290, 6
Rynties, 44, 5087786, 6
Ryudo, 58, 7426650, 14
Saard, 34, 4035733, 15
Sabatini, 39, 3899656, 8
Sabira, 27, 5520485, 7
Sabuson, 29, 8146451, 16
Sachs, 35, 4955504, 9
Sadella, 45, 6294232, 18
Saed, 60, 6978186, 5
Sager, 41, 3645004, 16
Saho, 48, 3602503, 9
Saifulla, 33, 4138386, 16
Saitoh, 64, 7771908, 16
Salada, 58, 7435109, 9
Salcudea, 28, 6068107, 14
Salhany, 45, 7105486, 13
Salladay, 27, 9153916, 14
Salmon, 59, 7941128, 17
Saltside, 54, 9486284, 8
Salyer, 49, 9330834, 14
Samaratu, 28, 8078823, 10
Samia, 45, 5773865, 6
Sampalea, 54, 9466821, 6
Samuel, 42, 9230027, 11
Sanborn, 40, 4151576, 10
Sandell, 27, 8201912, 6
Sandie, 56, 9450700, 10
Sandor, 33, 4213070, 15
Sanford, 57, 8246847, 9
Sanity, 31, 9107246, 11
Sanks, 39, 4102206, 6
Santella, 59, 9868569, 11
Saphir, 34, 8116633, 19
Saran, 63, 5114835, 12
Sarette, 58, 4079183, 13
Sarkari, 60, 4013811, 11
Sarsh, 50, 8897874, 8
Sashenka, 49, 7286877, 8
Sasson, 26, 4791403, 17
Sato, 55, 8273288, 13
Satyajit, 50, 7326591, 14
Saumitra, 45, 8921112, 15
Saungika, 64, 6627941, 13
Savaryeg, 39, 7535339, 10
Savvas, 59, 9078415, 19
Sawyere, 59, 7325276, 17
Sayeeda, 63, 5781409, 7
Scales, 34, 6517081, 11
Scarface, 55, 6906126, 19
Schachtl, 45, 9918475, 12
Schallio, 47, 5001315, 13
Schechtm, 43, 8866173, 12
Scheifel, 50, 7970562, 11
Schepps, 48, 7614007, 17
Schiegl, 62, 4110185, 8
Schirtzi, 47, 7327023, 16
Schloboh, 43, 6150082, 15
Schmitz, 51, 5862766, 9
Schober, 46, 7078145, 15
Scholey, 42, 8043067, 15
Schrage, 63, 7864778, 7
Schroeder, 42, 6478187, 15
Schuett, 53, 4319159, 14
Schuster, 42, 8253384, 11
Schwante, 57, 4079345, 6
Scissons, 42, 5076224, 14
Scotti, 48, 4690538, 11
Scpiivo, 59, 8220161, 14
Scully, 61, 6551970, 12
Seale, 26, 3793721, 16
Searl, 28, 8102349, 6
Sebastiano, 63, 6920797, 13
Secunda, 50, 8486530, 18
Sedran, 38, 9427489, 12
Seenu, 30, 3795366, 17
Sehat, 58, 6384927, 9
Seifers, 57, 8121450, 14
Seiz, 34, 7702696, 13
Selahattin, 38, 8045745, 10
Selestin, 64, 6056725, 6
Seline, 36, 7486813, 7
Sells, 44, 4420974, 15
Semenzat, 64, 8525379, 12
Senad, 33, 4403296, 7
Senng, 51, 9436027, 18
Seoju, 36, 4366461, 17
Serafin, 56, 9205270, 18
Seregely, 61, 6735240, 14
Sergey, 36, 6186432, 9
Serraf, 29, 9902400, 6
Sessue, 47, 3693507, 7
Seufert, 58, 4057236, 6
Severina, 30, 7471774, 12
Seyed, 29, 4772631, 13
Shabatur, 59, 7013193, 15
Shae, 46, 8272805, 19
Shahid, 34, 6544042, 11
Shaila, 63, 9317444, 6
Shakeri, 49, 4929524, 5
Shalne, 28, 8564957, 15
Shamshad, 38, 4701111, 18
Shandeig, 50, 3673039, 6
Shani, 45, 5885188, 5
Shanon, 26, 9256791, 19
Shapiro, 43, 6815338, 9
Sharen, 52, 8639843, 11
Sharl, 34, 7631585, 14
Sharon, 31, 7744720, 18
Sharyl, 31, 7249238, 10
Shaughn, 55, 7107238, 9
Shawn, 43, 6291797, 10
Shaylyn, 54, 8689727, 6
Shearer, 28, 8722004, 16
Shedman, 44, 4346710, 9
Sheffey, 47, 6250789, 17
Sheilah, 45, 7470269, 15
Shekwan, 56, 8204315, 8
Shelia, 53, 4174550, 8
Shellysheldon, 49, 8399861, 8
Shengwen, 55, 7183032, 7
Shera, 35, 6259168, 11
Sherie, 38, 6289072, 8
Sherlocke, 47, 4246333, 14
Sherrel, 37, 6919076, 6
Sherwan, 30, 9079933, 16
Shew, 57, 7174801, 15
Shieff, 51, 5876486, 18
Shigeaki, 58, 4645382, 8
Shihkuan, 49, 9198934, 9
Shimada, 53, 4583017, 13
Shindug, 56, 5646238, 17
Shinsuke, 59, 9438762, 16
Shir, 48, 6717278, 14
Shirey, 58, 5599678, 10
Shirline, 63, 8826400, 10
Shiuling, 29, 6245486, 12
Shiwei, 49, 9296780, 5
Shockley, 26, 9211867, 15
Shona, 60, 6651819, 16
Shorwan, 61, 5265875, 13
Shoun, 26, 5077624, 18
Shu, 60, 8778865, 6
Shuichi, 35, 5175676, 6
Shumate, 33, 8706413, 9
Shuqing, 48, 4401435, 11
Shutterb, 36, 7144235, 10
Shypski, 32, 5088731, 15
Sibbet, 27, 8671941, 8
Sibincic, 49, 9152065, 19
Sicotte, 49, 4928962, 9
Sidney, 40, 8334722, 16
Siefgried, 47, 9795809, 8
Siehl, 34, 8517648, 19
Siffre, 33, 8062923, 12
Sigismond, 32, 8834358, 5
Sigurd, 48, 6428239, 15
Sikirou, 39, 7335719, 16
Silianu, 52, 3949637, 13
Silvano, 59, 6631726, 15
Silvie, 33, 8180922, 12
Sime, 61, 6096593, 12
Simms, 64, 5908625, 11
Simonovi, 58, 9404838, 6
Simson, 54, 3986157, 14
Sindee, 63, 7368612, 18
Sinh, 43, 5578604, 14
Siomalas, 47, 4177971, 11
Siri, 39, 5379846, 8
Sisse, 57, 5479743, 6
Siv, 58, 9878539, 10
Sjaak, 27, 5093053, 13
Skating, 43, 7749964, 6
Skerlak, 51, 6744491, 19
Skipper, 31, 4219604, 8
Skriverv, 59, 7630774, 15
Skyler, 28, 8463084, 10
Slattery, 37, 6777122, 11
Slempers, 43, 7545266, 7
Slobodan, 47, 8872162, 8
Sly, 62, 4077171, 12
Smerek, 43, 9638311, 17
Smitty, 34, 5257602, 19
Smyrl, 33, 5879908, 5
Snelgrov, 60, 4190173, 11
Snorri, 33, 4084025, 8
Sobeck, 53, 7879470, 9
Socorro, 37, 8521100, 11
Sofia, 54, 9177337, 9
Sohier, 51, 7281468, 11
Sokuan, 52, 5297922, 19
Solkoff, 64, 4323973, 11
Solveig, 32, 3939863, 15
Somers, 46, 9370569, 8
Sompong, 38, 3737281, 13
Song, 37, 9542508, 19
Sonnie, 29, 4954863, 14
Soohong, 42, 5320245, 16
Sophi, 49, 7165683, 9
Soren, 39, 9354671, 9
Sosa, 28, 7366951, 18
Souad, 52, 6913768, 18
Soumitra, 58, 6571823, 12
Soussa, 30, 9923783, 13
Soyland, 43, 7314141, 7
Sparacio, 64, 5762500, 10
Speaker, 36, 8732339, 18
Spejewsk, 28, 4803094, 6
Spickelm, 53, 4119184, 16
Spingola, 60, 6574931, 7
Spohn, 38, 4642496, 11
Sprandel, 34, 5199050, 19
Spruell, 26, 4399258, 7
Spyros, 51, 6817072, 11
Sridevi, 27, 5416050, 7
Srinivas, 26, 6619068, 9
Ssi, 44, 7993800, 5
Stachowi, 32, 7419716, 14
Staffard, 28, 5766973, 6
Stainbac, 60, 6263852, 14
Stamps, 27, 5057229, 7
Stanely, 60, 7328674, 7
Stanislaw, 41, 3918513, 12
Stansell, 45, 7966608, 10
Staring, 52, 5476234, 17
Starnes, 64, 9384672, 5
Stastny, 53, 6434431, 10
Stavros, 39, 3813077, 18
Stearns, 60, 6724504, 12
Stefa, 29, 8850747, 16
Steffen, 59, 6062830, 6
Stegmuel, 41, 8527704, 7
Stejskal, 35, 6759138, 5
Stemmler, 28, 3728954, 6
Stephana, 37, 5193640, 17
Stephe, 40, 9034633, 5
Stepp, 64, 4047137, 18
Stesha, 58, 8163491, 10
Steven, 64, 6303141, 11
Stewart, 30, 8301625, 10
Stimler, 57, 4333872, 11
St_james, 41, 4758732, 10
Stockton, 29, 7691606, 15
Stokker, 48, 7531752, 6
Stonos, 58, 4012596, 11
Story, 27, 5350186, 9
St.pierr, 54, 4679944, 11
Stratford, 47, 6395668, 9
Streatfi, 34, 4433428, 13
Stroemer, 34, 4443845, 8
Struble, 42, 5039828, 17
Stude, 49, 8245901, 14
St.vil, 50, 7907092, 15
Subhra, 48, 3774618, 13
Subroto, 53, 3698734, 11
Sudan, 50, 6072028, 7
Sudip, 29, 3879172, 8
Sufcak, 54, 8703653, 19
Suhail, 51, 5609492, 7
Sukho, 42, 6470249, 10
Sulewski, 31, 3736672, 8
Sumi, 40, 9187942, 9
Sun, 47, 5635413, 9
Sungchon, 48, 8470927, 14
Sunny, 36, 5023437, 18
Supriya, 33, 9686583, 12
Surinder, 43, 5211351, 16
Susana, 53, 8328526, 15
Susi, 58, 6750654, 19
Sutardja, 46, 6664525, 6
Sutija, 48, 9288116, 18
Suwanawo, 46, 8955299, 7
Suzann, 27, 6824807, 18
Suzy, 34, 9904598, 15
Svensson, 28, 6410071, 14
Swact, 31, 8986528, 7
Swartz, 26, 6584154, 6
Swenson, 47, 6682893, 17
Swinney, 60, 8594767, 6
Sy, 40, 6753203, 11
Sydel, 44, 7834751, 12
Syl, 28, 6879239, 13
Sylvio, 54, 5616216, 11
Syra, 58, 7785480, 6
Syyed, 51, 7161647, 14
Szopinsk, 49, 3843453, 12
Ta, 38, 9619278, 16
Tabbitha, 48, 5568295, 15
Tachih, 58, 6110508, 14
Taddeusz, 26, 6855411, 9
Tae, 63, 7189605, 5
Tahani, 29, 6682466, 11
Tailor, 55, 5089233, 17
Takahash, 35, 6794374, 19
Takayuki, 30, 3868818, 12
Takiyana, 40, 7052352, 7
Talcott, 32, 6715209, 6
Tallou, 42, 7385092, 18
Tamar, 29, 3906879, 16
Tamera, 26, 5831224, 8
Tammie, 42, 9822652, 15
Tanchak, 49, 5852927, 7
Tang, 28, 8593701, 7
Tanitansy, 47, 7902484, 13
Tano, 38, 4251172, 13
Tapp, 58, 6282539, 16
Taranto, 45, 9499465, 15
Targosky, 56, 4086105, 5
Tarof, 45, 9409000, 11
Tarva, 36, 7779269, 13
Tashio, 31, 5266467, 15
Tata, 48, 5538049, 18
Tats, 51, 6040550, 6
Tauberg, 29, 8222891, 15
Tawauna, 60, 6386903, 9
Taylor, 62, 7577882, 5
Teague, 49, 8555633, 18
Technoso, 61, 5455788, 13
Teddi, 41, 9562992, 16
Teed, 32, 4755051, 12
Teirtza, 52, 9436432, 15
Tele, 49, 5080389, 6
Telly, 47, 4085739, 17
Tena, 43, 4458069, 5
Tennyson, 57, 9391752, 8
Tera, 56, 5788310, 10
Terese, 30, 6983745, 5
Terneus, 37, 6209617, 10
Terresa, 32, 7251019, 8
Terrye, 28, 9847534, 16
Terwilli, 53, 9830388, 9
Tess, 46, 7022232, 10
Tester, 30, 6592346, 6
Tetsukaz, 34, 7134431, 15
Tevaite, 52, 5983675, 14
Thad, 35, 4358547, 5
Thakor, 37, 3806994, 12
Thane, 44, 4395776, 9
Thatch, 32, 6043704, 18
Theadora, 36, 4676130, 14
Thelma, 27, 7955972, 7
Theodori, 61, 7098752, 6
Theona, 49, 4609817, 17
Theresita, 39, 8762421, 10
Thewalt, 50, 7895807, 11
Thick, 51, 8280526, 15
Thieu, 55, 4010812, 9
Thoai, 47, 6442299, 6
Thomasin, 40, 4063478, 12
Thompson, 32, 9237342, 18
Thoreau, 63, 3918942, 7
Thornie, 27, 9661064, 19
Thorsten, 40, 8744095, 19
Thumm, 47, 7486480, 17
Thuy, 41, 3829936, 15
Tibold, 38, 9398918, 13
Tiedeman, 46, 4265385, 11
Tieu, 57, 4045786, 7
Tigg, 56, 8433386, 7
Tilbenny, 49, 4795556, 14
Tilley, 54, 5779830, 16
Tim, 32, 7732949, 17
Timmins, 59, 4760793, 15
Timotheu, 34, 5688411, 10
Tineke, 32, 4166586, 13
Tintor, 28, 9546291, 11
Tippy, 42, 5735128, 18
Tisha, 36, 9223739, 11
Tiziana, 45, 4524254, 9
Tobe, 47, 9796728, 17
Tod, 41, 4000940, 8
Toews, 57, 3725566, 19
Tokeshi, 40, 9553006, 17
Tolson, 26, 6209431, 5
Tomasett, 45, 4689965, 12
Tomes, 53, 6374064, 5
Tommy, 55, 6058606, 10
Toney, 39, 7070757, 9
Tonnie, 56, 8769166, 10
Toolbox, 51, 8700961, 5
Toothman, 49, 5536186, 15
Tor, 47, 5993785, 18
Tordocs, 46, 9734822, 15
Tornqvis, 51, 5619743, 18
Torrey, 31, 9767734, 18
Tosca, 42, 6692379, 17
Toshio, 46, 8592595, 15
Totman, 63, 5682823, 19
Tousigna, 36, 8292498, 16
Towles, 44, 7887710, 7
Towsley, 51, 5664014, 15
Tracey, 44, 3801241, 16
Trainer, 31, 5865044, 13
Translat, 44, 3699865, 8
Travers, 31, 8143171, 8
Treat, 59, 7528843, 19
Treisman, 30, 7235878, 19
Tres, 38, 9399402, 19
Trevitt, 56, 6275860, 5
Trieu, 41, 5756802, 17
Trinidad, 26, 9988011, 16
Trisic, 54, 3654075, 19
Trix, 57, 5513265, 18
Tromp, 32, 5802235, 11
Troy, 64, 3646768, 12
Trudi, 26, 6536829, 12
Trula, 52, 3879186, 12
Truong, 43, 8016094, 17
Tsakalis, 40, 9051013, 7
Tsenter, 46, 9236758, 19
Tsonglia, 64, 3790642, 7
Tsuneo, 39, 3965203, 13
Ttisuppo, 48, 9237876, 10
Tudor, 56, 9459833, 11
Tuillo, 26, 6650819, 19
Tullo, 31, 6411272, 11
Tunon, 48, 6000867, 12
Turcotte, 32, 6361255, 18
Turki, 47, 6658908, 6
Tushar, 64, 8102675, 9
Tuyen, 53, 8012972, 13
Twinkle, 37, 5537459, 14
Ty, 64, 3793731, 15
Tymon, 61, 5046831, 8
Tyroler, 34, 8829329, 5
Tzongshi, 55, 6884396, 7
Uchiyama, 52, 9540875, 7
Ueda, 57, 4150997, 17
Uhlhorn, 31, 8746868, 15
Ulisses, 45, 3887997, 8
Ulrika, 62, 4531185, 15
Uma, 45, 3697147, 9
Una, 60, 7839960, 12
Uno, 50, 6072888, 15
Urata, 60, 4081815, 16
Urbielew, 51, 4262565, 7
Urs, 40, 3719265, 10
Us, 63, 5647452, 17
Uswrsd, 37, 7495924, 18
Utpal, 28, 5399343, 15
Vachiran, 55, 7910819, 15
Vaguelis, 57, 8820993, 19
Vairavan, 47, 7927773, 14
Valcourt, 49, 7952683, 12
Valenka, 41, 4871908, 19
Valentino, 53, 4652621, 5
Valerye, 49, 7189741, 5
Valko, 31, 7916840, 19
Valley, 27, 9595173, 8
Valois, 46, 5967297, 19
Vance, 38, 7368591, 18
Vanderbu, 58, 8895675, 6
Vandewat, 28, 9002361, 6
Vanilla, 38, 7882379, 14
Vanny, 49, 6415264, 9
Varady, 43, 6913994, 15
Varkey, 26, 5695669, 18
Vasana, 36, 8701163, 5
Vasilis, 26, 6597827, 19
Vassily, 57, 7448881, 8
Vaughan, 32, 5709618, 15
Veciana, 54, 4660279, 10
Vehling, 53, 7881660, 13
Velemir, 63, 6813720, 17
Veloria, 30, 9762051, 17
Veness, 45, 4975765, 8
Venkatak, 37, 8266483, 17
Venturin, 28, 7520766, 18
Vere, 64, 4218770, 7
Verifica, 58, 5740068, 14
Verma, 62, 6916706, 9
Verniece, 54, 6226801, 19
Verreau, 54, 4840400, 19
Veselko, 57, 7652574, 11
Vettese, 34, 5648708, 17
Viano, 41, 6500712, 15
Vick, 27, 7777559, 18
Vicuong, 31, 9585341, 12
Vidya, 60, 9840898, 17
Vietzslau, 48, 8139405, 7
Vikas, 42, 9764510, 19
Vilas, 43, 8601157, 12
Village, 34, 7028669, 17
Vimal, 39, 9882112, 13
Vincenty, 37, 5727513, 17
Vinnell, 63, 6696487, 16
Violante, 55, 9703030, 7
Virant, 30, 9875515, 10
Virgoe, 49, 9398752, 19
Vishal, 51, 7786922, 9
Viswa, 38, 5405258, 6
Vite, 46, 7847027, 13
Vitus, 53, 9205211, 19
Vivian, 37, 7361472, 12
Viviyan, 45, 5529528, 10
Vladisla, 61, 9304136, 17
Vmcord, 26, 7828357, 15
Voight, 56, 8117731, 15
Volkmer, 38, 4776671, 7
Vondersc, 37, 4823949, 10
Vonzant, 36, 6915985, 15
Vosup, 43, 4485836, 7
Vsevolod, 36, 6560305, 6
Vyacheslav, 32, 7979791, 10
Wachtste, 52, 9313220, 10
Wadeck, 48, 5642006, 12
Waghorne, 53, 9750508, 16
Waichi, 39, 6048989, 7
Wainwright, 40, 6922791, 6
Wakefiel, 40, 8729164, 10
Waldemar, 34, 6691161, 7
Waletzky, 27, 9889644, 11
Wallaert, 63, 7042122, 6
Walliw, 46, 7977265, 12
Walsh, 34, 6177184, 14
Waltraut, 61, 6685746, 17
Wandie, 35, 9683085, 10
Wans, 52, 4988584, 17
Ware, 29, 8194110, 13
Warnow, 27, 5898415, 5
Wash, 60, 5772071, 11
Wassim, 64, 9053039, 18
Waters, 58, 4271994, 10
Waucheul, 59, 9266853, 17
Wayler, 28, 8599086, 9
Wealch, 62, 3630927, 5
Weber, 42, 7033808, 10
Weger, 33, 6185143, 11
Weidenfe, 39, 9086310, 18
Weijia, 61, 9946685, 18
Weinberg, 31, 7073865, 16
Weitsig, 26, 6132892, 7
Wella, 36, 8576898, 9
Wemple, 49, 3998892, 7
Wendelin, 31, 9578665, 5
Wendye, 38, 5429438, 18
Wenona, 53, 5825920, 6
Wepf, 53, 4118619, 11
Werth, 62, 6240174, 13
Wessell, 61, 5062431, 13
Wester, 37, 9198203, 16
Westwood, 64, 8938651, 8
Whaley, 28, 7089773, 12
Whetston, 32, 3610042, 11
Whirter, 47, 9276723, 7
Whitefor, 53, 6899706, 7
Whitlock, 64, 6532031, 9
Whittier, 61, 3805841, 18
Wiatt, 58, 7077014, 9
Widdicom, 49, 7005070, 12
Wiederho, 33, 6455719, 5
Wierzba, 63, 9950088, 17
Wight, 43, 7224865, 15
Wilburn, 60, 5352044, 19
Wilderma, 30, 5947534, 12
Wiley, 51, 8177718, 5
Wilhelmina, 42, 5106226, 7
Wilkie, 58, 9483220, 13
Willamin, 46, 5261139, 14
Willemse, 29, 3758996, 16
Williams, 50, 7839828, 17
Willow, 56, 4693854, 6
Wilnai, 38, 3821261, 6
Wimberle, 34, 6148004, 8
Windowin, 39, 9156623, 12
Wingard, 48, 6025785, 12
Winifield, 33, 4417630, 6
Winni, 62, 9474432, 16
Winsberg, 62, 5998457, 5
Winton, 31, 8862583, 18
Wissinge, 42, 6729242, 19
Wits, 58, 5196637, 18
Witzmann, 38, 6119770, 11
Wojciech, 40, 3672064, 12
Wolfenba, 43, 7179911, 5
Wolk, 57, 6036388, 7
Wonda, 47, 9941201, 5
Woodlief, 36, 5542732, 17
Woojin, 48, 5846824, 19
Wooten, 64, 7930490, 14
Worpell, 42, 5315152, 19
Wracher, 33, 3772882, 11
Wroblews, 47, 6170120, 8
Wunderli, 62, 6815380, 7
Wylie, 51, 6893409, 6
Wynne, 46, 5835391, 19
Xander, 46, 4735396, 17
Xever, 55, 8016001, 10
Xiaojing, 28, 5276780, 11
Ximenes, 52, 8062520, 16
Xixian, 41, 9564920, 13
Xueling, 31, 7623809, 8
Yacov, 41, 6249393, 15
Yakima, 45, 8579285, 7
Yamada, 50, 4361489, 9
Yanan, 49, 5552628, 5
Yankton, 58, 4694840, 11
Yaonan, 50, 5522107, 5
Yaron, 35, 4025213, 5
Yassa, 38, 9002615, 12
Yate, 64, 6516897, 9
Yawar, 41, 9013652, 18
Yeaton, 39, 8205871, 13
Yeirnie, 31, 6613323, 15
Yenjhy, 50, 7224424, 9
Yerneni, 45, 7219087, 10
Yevette, 36, 5550051, 5
Yietarng, 35, 8558517, 10
Yiliang, 51, 4819923, 5
Ylaine, 28, 9948387, 6
Yodha, 45, 5590753, 13
Yoke, 55, 5694876, 10
Yonchun, 28, 7517287, 18
Yonina, 61, 6660810, 18
Yorgos, 64, 6340826, 13
Yoshiki, 60, 9283448, 17
Yossaria, 32, 8407716, 8
Youlin, 28, 4849025, 12
Youngman, 37, 8856081, 5
Youssef, 61, 9305664, 15
Yuanjian, 27, 7176647, 15
Yuechu, 39, 8433950, 6
Yugang, 64, 7217733, 5
Yuke, 38, 6177389, 15
Yul, 49, 9724908, 9
Yundt, 31, 8738131, 19
Yunosuke, 58, 5736981, 10
Yury, 62, 7649004, 10
Yuyi, 28, 9429011, 18
Yvonne, 56, 5669512, 5
Zach, 46, 4122177, 7
Zackaria, 59, 8271201, 7
Zagorsek, 60, 7246587, 10
Zahn, 51, 5654206, 17
Zaka, 26, 5940086, 7
Zaleski, 49, 8812299, 8
Zanariah, 61, 4522636, 17
Zanna, 60, 4904796, 18
Zarella, 46, 7950001, 10
Zary, 53, 8478173, 14
Zaven, 63, 6437700, 16
Zdenka, 39, 9652039, 17
Zechariah, 54, 7983362, 14
Zeidler, 34, 7698012, 13
Zeke, 41, 8940447, 19
Zelwer, 35, 7484199, 19
Zenisek, 52, 5529067, 15
Zetts, 58, 8450063, 19
Zhelka, 44, 7045269, 7
Zhongde, 61, 3654414, 17
Ziai, 55, 6899513, 14
Zilberst, 56, 4073567, 8
Zingeler, 59, 9894174, 15
Zirko, 43, 8211770, 19
Zivilik, 30, 8003745, 16
Zoe, 60, 8995007, 17
Zohra, 33, 6440040, 14
Zolya, 59, 5392177, 5
Zonoun, 62, 6984071, 9
Zorn, 28, 3677436, 18
Zubair, 32, 3941786, 9
Zukosky, 38, 8299297, 6
Zurab, 29, 5137522, 12
Zwi, 28, 7986697, 17